Date,GOOGL,IBM,AMZN,FB,AAPL
2018-03-27,1006.94,151.91,1497.05,152.19,168.34
2018-03-26,1054.09,153.37,1555.86,160.06,172.77
2018-03-23,1026.55,148.89,1495.56,159.39,164.94
2018-03-22,1053.15,152.09,1544.1,164.89,168.845
2018-03-21,1094.0,156.69,1581.86,169.39,171.27
2018-03-20,1095.8,156.2,1586.51,168.15,175.24
2018-03-19,1100.07,157.35,1544.93,172.56,175.3
2018-03-16,1134.42,160.26,1571.68,185.09,178.02
2018-03-15,1150.61,159.61,1582.32,183.86,178.65
2018-03-14,1148.89,158.12,1591.0,184.19,178.44
2018-03-13,1139.91,159.32,1588.18,181.88,179.97
2018-03-12,1165.93,160.26,1598.39,184.76,181.72
2018-03-09,1160.84,159.31,1578.89,185.23,179.98
2018-03-08,1129.38,156.21,1551.86,182.34,176.94
2018-03-07,1115.04,158.32,1545.0,183.71,175.03
2018-03-06,1100.9,155.72,1537.64,179.78,176.67
2018-03-05,1094.76,156.95,1523.61,180.4,176.82
2018-03-02,1084.14,154.49,1500.25,176.62,176.21
2018-03-01,1071.41,153.81,1493.45,175.94,175.0
2018-02-28,1103.92,155.83,1512.45,178.32,178.12
2018-02-27,1117.51,156.55,1511.98,181.46,178.39
2018-02-26,1143.7,158.58,1521.95,184.93,178.97
2018-02-23,1128.09,155.52,1500.0,183.29,175.555
2018-02-22,1109.9,153.18,1484.76,178.99,172.6
2018-02-21,1113.75,153.96,1482.92,177.91,171.07
2018-02-20,1103.59,155.16,1468.35,176.01,171.85
2018-02-16,1095.5,156.18,1448.69,177.36,172.43
2018-02-15,1091.36,156.01,1461.76,179.96,172.99
2018-02-14,1072.7,154.76,1451.05,179.52,167.37
2018-02-13,1054.14,150.75,1414.51,173.15,164.34
2018-02-12,1054.56,151.4,1386.23,176.41,162.71
2018-02-09,1043.43,149.51,1338.99,175.98,155.97
2018-02-08,1005.6,147.59,1350.47,171.5499,155.32
2018-02-07,1055.41,153.85,1416.78,180.18,159.54
2018-02-06,1084.43,155.34,1442.84,185.31,163.03
2018-02-05,1068.76,152.53,1396.62,182.65,157.49
2018-02-02,1119.2,159.03,1431.0,190.28,160.37
2018-02-01,1181.59,162.4,1390.0,193.09,167.78
2018-01-31,1182.22,163.7,1451.65,186.89,167.43
2018-01-30,1177.37,163.62,1437.82,187.12,166.97
2018-01-29,1186.48,166.8,1417.68,185.98,167.96
2018-01-26,1187.56,167.34,1402.05,190.0,171.51
2018-01-25,1182.14,165.47,1377.95,187.48,171.11
2018-01-24,1171.29,165.37,1357.51,186.55,174.22
2018-01-23,1176.17,166.25,1362.54,189.35,177.04
2018-01-22,1164.16,162.6,1327.31,185.37,177.0
2018-01-19,1143.5,162.37,1294.58,181.29,178.46
2018-01-18,1135.97,169.12,1293.32,179.8,179.26
2018-01-17,1139.1,168.65,1295.0,177.6,179.1
2018-01-16,1130.7,163.85,1304.86,178.39,176.19
2018-01-12,1130.65,163.14,1305.2,179.37,177.09
2018-01-11,1111.88,164.2,1276.68,187.77,175.28
2018-01-10,1110.14,164.18,1254.33,187.84,174.29
2018-01-09,1112.79,163.83,1252.7,187.87,174.33
2018-01-08,1114.21,163.47,1246.87,188.28,174.35
2018-01-05,1110.29,162.49,1229.14,186.85,175.0
2018-01-04,1095.76,161.7,1209.59,184.33,173.03
2018-01-03,1091.52,158.49,1204.2,184.67,172.23
2018-01-02,1073.21,154.25,1189.01,181.42,172.26
2017-12-29,1053.4,153.42,1169.47,176.46,169.23
2017-12-28,1055.95,154.04,1186.1,177.92,171.08
2017-12-27,1060.2,153.13,1182.26,177.62,170.6
2017-12-26,1065.85,152.83,1176.76,175.99,170.57
2017-12-22,1068.86,152.5,1168.36,177.2,175.01
2017-12-21,1070.85,151.5,1174.76,177.45,175.01
2017-12-20,1073.56,152.95,1177.62,177.89,174.35
2017-12-19,1079.78,153.23,1187.38,179.51,174.54
2017-12-18,1085.09,153.33,1190.58,180.82,176.42
2017-12-15,1072.0,152.5,1179.14,180.18,173.87
2017-12-14,1057.47,154.0,1174.26,178.39,172.22
2017-12-13,1051.39,153.91,1164.13,178.3,172.27
2017-12-12,1048.77,156.74,1165.08,176.96,171.7
2017-12-11,1051.97,155.41,1168.92,179.04,172.67
2017-12-08,1049.38,154.81,1162.0,179.0,169.37
2017-12-07,1044.57,153.57,1159.79,180.14,169.452
2017-12-06,1032.72,154.1,1152.35,176.06,169.01
2017-12-05,1019.6,155.35,1141.57,172.83,169.64
2017-12-04,1011.87,156.46,1133.95,171.47,169.8
2017-12-01,1025.07,154.76,1162.35,175.1,171.05
2017-11-30,1036.17,153.97,1176.75,177.18,171.85
2017-11-29,1037.38,153.55,1161.27,175.13,169.48
2017-11-28,1063.29,152.47,1193.6,182.42,173.07
2017-11-27,1072.01,151.98,1195.83,183.03,174.09
2017-11-24,1056.52,151.84,1186.0,182.78,174.97
2017-11-22,1051.92,151.77,1156.16,180.87,174.96
2017-11-21,1050.3,151.95,1139.49,181.86,173.14
2017-11-20,1034.66,150.51,1126.31,178.74,169.98
2017-11-17,1035.89,148.97,1129.88,179.0,170.15
2017-11-16,1048.47,149.12,1137.29,179.59,171.1
2017-11-15,1036.41,147.1,1126.69,177.95,169.08
2017-11-14,1041.64,148.89,1136.84,178.07,171.34
2017-11-13,1041.2,148.4,1129.17,178.77,173.97
2017-11-10,1044.15,149.16,1125.35,178.46,174.67
2017-11-09,1047.72,150.3,1129.13,179.3,175.88
2017-11-07,1052.39,149.85444664032,1123.17,180.25,174.81
2017-11-06,1042.68,149.34948616601,1120.66,180.17,174.25
2017-11-03,1049.99,150.08217391304,1111.6,178.92,172.5
2017-11-02,1042.97,151.83468379447,1094.22,178.92,168.11
2017-11-01,1042.6,152.50796442688,1103.68,182.66,166.89
2017-10-31,1033.04,152.53766798419,1105.28,180.06,169.04
2017-10-30,1033.13,152.83470355731,1110.85,179.87,166.72
2017-10-27,1033.67,152.1614229249,1100.95,177.88,163.05
2017-10-26,991.42,152.08221343874,972.43,170.63,157.41
2017-10-25,991.46,151.98320158103,972.91,170.6,156.405
2017-10-24,988.49,154.33968379447,975.9,171.8,157.1
2017-10-23,985.54,157.97341897233,966.3,171.27,156.17
2017-10-20,1005.07,160.46851778656,982.91,174.98,156.16
2017-10-19,1001.84,159.31007905138,986.61,174.56,155.98
2017-10-18,1012.74,157.95361660079,997.0,176.03,159.76
2017-10-17,1011.0,145.09197628458,1009.13,176.11,160.47
2017-10-16,1009.35,145.37911067194,1006.34,174.52,159.88
2017-10-13,1007.87,145.64644268775,1002.94,173.74,156.99
2017-10-12,1005.65,145.57713438735,1000.93,172.55,156.0
2017-10-11,1005.65,146.16130434783,995.0,172.74,156.55
2017-10-10,987.8,147.03260869565,987.2,171.59,155.9
2017-10-09,992.31,145.9335770751,990.99,172.5,155.84
2017-10-06,993.64,145.03256916996,989.58,172.23,155.3
2017-10-05,985.19,145.27019762846,980.85,171.24,155.39
2017-10-04,966.78,145.03256916996,965.45,168.42,153.4508
2017-10-03,972.08,145.32960474308,957.1,169.96,154.48
2017-10-02,967.47,145.21079051383,959.19,169.47,153.81
2017-09-29,973.72,143.64640316206,961.35,170.81,154.12
2017-09-28,964.81,144.22067193676,956.4,168.73,153.28
2017-09-27,959.9,144.22067193676,950.87,167.68,154.23
2017-09-26,937.43,145.11177865613,938.6,164.21,153.14
2017-09-25,934.28,144.42859683794,939.79,162.87,150.55
2017-09-22,943.26,143.69590909091,955.1,170.54,151.89
2017-09-21,947.55,143.82462450593,964.65,171.11,153.39
2017-09-20,947.54,144.43849802372,973.21,172.17,156.07
2017-09-19,936.86,142.96322134387,969.86,172.52,158.73
2017-09-18,929.75,143.12164031621,974.19,170.01,158.67
2017-09-15,935.29,143.38897233202,986.79,171.58,159.88
2017-09-14,940.13,144.10185770751,992.21,170.96,158.28
2017-09-13,950.44,144.54741106719,999.6,173.05,159.65
2017-09-12,946.65,144.31968379447,982.58,172.96,160.82
2017-09-11,943.29,143.4285770751,977.96,173.51,161.5
2017-09-08,941.41,141.04239130435,965.9,170.95,158.63
2017-09-07,949.89,141.48794466403,979.47,173.21,161.26
2017-09-06,942.02,142.39885375494,967.8,172.09,161.91
2017-09-05,941.48,141.62656126482,965.27,170.72,162.08
2017-09-01,951.99,142.65628458498,978.25,172.02,164.05
2017-08-31,955.24,141.61666007905,980.6,172.0,164.0
2017-08-30,943.63,141.15130434783,967.59,169.92,163.35
2017-08-29,935.75,141.72557312253,954.06,168.05,162.91
2017-08-28,928.13,141.10179841897,946.02,167.24,161.47
2017-08-25,930.5,142.31964426877,945.26,166.32,159.86
2017-08-24,936.89,141.52754940711,952.45,167.74,159.27
2017-08-23,942.58,140.73545454545,958.0,168.71,159.98
2017-08-22,940.4,139.61662055336,966.9,169.64,159.78
2017-08-21,920.87,138.94333992095,953.29,167.78,157.21
2017-08-18,926.18,138.31956521739,958.47,167.41,157.5
2017-08-17,927.66,139.30968379447,960.57,166.91,157.87
2017-08-16,944.27,141.0918972332,978.18,170.0,160.95
2017-08-15,938.08,140.66614624506,982.74,171.0,161.6
2017-08-14,938.93,140.91367588933,983.3,170.75,159.85
2017-08-11,930.09,140.43841897233,967.99,168.08,157.48
2017-08-10,923.59,140.43841897233,956.92,167.4,155.27
2017-08-09,940.08,140.36911067194,982.01,171.18,160.40914817191
2017-08-08,944.19,140.70575098814,989.84,171.23,159.43310840282
2017-08-04,945.79,142.2244050793,987.58,169.62,155.75801988454
2017-08-03,940.3,142.00885417604,986.92,168.59,154.94133354715
2017-08-02,947.64,141.52876352787,995.89,169.25,156.50498909557
2017-08-01,946.56,142.36157383592,996.19,169.86,149.44364015394
2017-07-31,945.5,141.74431443113,987.78,169.25,148.24848941629
2017-07-28,958.33,141.37199923459,1020.04,172.45,148.89586273252
2017-07-27,952.51,142.13622516433,1046.0,170.44,149.95157921745
2017-07-26,965.31,142.4203604459,1052.8,165.61,152.83986016677
2017-07-25,969.03,143.2335752173,1039.87,165.28,152.12276972418
2017-07-24,998.31,143.0376198507,1038.95,166.0,151.47539640795
2017-07-21,993.84,144.10557659868,1025.67,164.43,149.66275112251
2017-07-20,992.19,144.67384716182,1028.7,164.53,149.73246824888
2017-07-19,992.77,144.54647617353,1026.87,164.14,150.40972033355
2017-07-18,986.95,150.88563228309,1024.38,162.86,149.47351892239
2017-07-17,975.96,149.91565321841,1010.04,159.73,148.9556202694
2017-07-14,976.91,151.12077872301,1001.81,159.97,148.43772161642
2017-07-13,968.7175,150.52311485487,999.855,159.26,147.17285375241
2017-07-12,967.66,150.59169923318,1006.51,158.9,145.15105708788
2017-07-11,953.53,150.09201304835,994.13,155.27,144.94190570879
2017-07-10,951.0,150.31736171994,996.47,153.5,144.47380500321
2017-07-07,940.81,149.8470688401,978.76,151.44,143.59736112893
2017-07-06,927.69,149.27879827695,965.14,148.82,142.15322065427
2017-07-05,932.26,150.56230592819,971.4,150.34,143.5077248236
2017-07-03,919.46,152.43367967924,953.66,148.43,142.92010904426
2017-06-30,929.68,150.71907022147,968.0,150.98,143.43800769724
2017-06-29,937.82,151.01300327138,975.93,151.04,143.09938165491
2017-06-28,961.01,152.17893770265,990.33,153.24,145.2406933932
2017-06-27,948.09,151.62046490784,976.78,150.58,143.15913919179
2017-06-26,972.09,152.09075778768,993.98,153.59,145.23073380372
2017-06-23,986.09,150.99340773472,1003.74,155.07,145.75859204618
2017-06-22,976.62,151.27754301629,1001.3,153.4,145.04150160359
2017-06-21,978.59,150.67987914815,1002.23,153.91,145.28053175112
2017-06-20,968.99,151.81642027444,992.59,152.25,144.4240070558
2017-06-19,975.22,151.70864482281,995.17,152.87,145.7486324567
2017-06-16,958.62,152.23772431264,987.71,150.64,141.69507953817
2017-06-15,960.18,151.10118318635,964.17,149.8,143.70691661321
2017-06-14,967.93,150.69947468481,976.47,150.25,144.57340089801
2017-06-13,970.5,151.13057649134,980.79,150.68,145.99762219371
2017-06-12,961.81,152.04176894603,964.83,148.44,144.7327543297
2017-06-09,970.12,150.98360996639,978.31,149.63,148.37796407954
2017-06-08,1004.28,149.02405630037,1009.94,154.71,154.36367735728
2017-06-07,1001.59,147.9267062474,1010.07,153.12,154.74214175754
2017-06-06,996.68,149.28859604528,1002.97,152.81,153.82585952534
2017-06-05,1003.88,149.3277871186,1011.34,153.63,153.30796087235
2017-06-02,996.12,148.97506745872,1006.73,153.61,154.82181847338
2017-06-01,988.29,149.58252909519,995.95,151.53,152.56099166132
2017-05-31,987.09,149.54333802187,994.62,151.46,152.14268890314
2017-05-30,996.17,148.66153887216,996.7,152.38,153.04901154586
2017-05-26,993.27,149.40616926524,995.78,152.13,152.98925400898
2017-05-25,991.86,150.10181081668,993.38,151.96,153.24820333547
2017-05-24,977.61,149.42576480191,980.35,150.04,152.72034509301
2017-05-23,970.55,148.95547192206,971.54,148.07,153.17848620911
2017-05-22,964.07,149.5531357902,970.7,148.24,153.36771840924
2017-05-19,954.65,148.90648308041,959.84,148.06,152.34188069275
2017-05-18,950.5,147.7307508808,958.49,147.66,151.92357793457
2017-05-17,942.17,147.87771740575,944.52,144.85,149.64283194355
2017-05-16,964.61,150.57210369652,966.07,149.78,154.84173765234
2017-05-15,959.22,148.4459879689,957.97,150.19,155.07080821039
2017-05-12,955.14,147.32904237927,961.35,150.33,155.46919178961
2017-05-11,955.89,147.60337989251,947.62,150.04,153.32788005131
2017-05-10,954.84,148.19124599232,948.95,150.29,152.01857223874
2017-05-09,956.71,149.0338540687,952.82,150.48,152.71290213935
2017-05-08,958.69,149.93524875507,949.04,151.06,151.76067827566
2017-05-05,950.28,150.43978722237,934.15,150.24,147.75340284929
2017-05-04,954.72,154.32085235549,937.53,150.85,145.34308619433
2017-05-03,948.45,153.91334051651,941.03,151.8,145.86879311907
2017-05-02,937.09,154.36936566965,946.68,152.78,146.31514805518
2017-05-01,932.82,154.117096436,948.43,152.46,145.41251918439
2017-04-28,924.52,155.52398254675,924.99,150.25,142.48641460326
2017-04-27,891.44,155.55309053525,918.76,147.7,142.62528058338
2017-04-26,889.14,155.3008213016,909.29,146.56,142.48720812314
2017-04-25,888.84,155.62100917508,907.62,146.49,143.36920547689
2017-04-24,878.93,155.97030503706,907.41,145.47,142.47649560468
2017-04-21,858.95,155.61130651225,898.53,143.68,141.1175927992
2017-04-20,860.08,157.47421777614,902.06,143.8,141.28621577506
2017-04-19,856.51,156.88235534334,899.2,142.27,139.54047202496
2017-04-18,853.99,164.99378147156,903.78,140.96,140.05625995113
2017-04-17,855.13,166.012561069,901.99,141.42,140.68115686168
2017-04-13,840.18,164.48924300425,884.67,139.39,139.90747497243
2017-04-12,841.46,165.58564390436,896.23,139.58,140.65139986594
2017-04-11,839.88,165.50802260169,902.36,139.92,140.48277689007
2017-04-10,841.7,166.10958769733,907.04,141.04,142.01030267141
2017-04-07,842.1,167.02163800361,894.88,140.78,142.17892564727
2017-04-06,845.095,167.32242055142,898.28,141.17,142.49633360184
2017-04-05,848.91,167.73963505323,909.28,141.85,142.85341755072
2017-04-04,852.57,169.33087175781,906.83,141.73,143.59734244423
2017-04-03,856.75,169.31146643215,891.51,142.28,142.53600959616
2017-03-31,847.8,168.96217057017,886.54,142.05,142.49633360184
2017-03-30,849.48,168.69049601085,876.34,142.41,142.7641465635
2017-03-29,849.87,168.76811731351,874.32,142.65,142.95260753652
2017-03-28,840.63,169.32116909498,856.0,141.76,142.63519958196
2017-03-27,838.51,168.60317204535,846.82,140.32,139.73885199657
2017-03-24,835.14,168.66138802235,845.61,140.34,139.50079603064
2017-03-23,839.65,169.62195164279,847.38,139.53,139.77852799089
2017-03-22,849.8,169.58314099146,848.06,139.59,140.27447791989
2017-03-21,850.14,168.70990133651,843.2,138.51,138.70727614424
2017-03-20,867.91,170.47578597208,856.97,139.94,140.31415391421
2017-03-17,872.37,170.42727265792,852.31,139.84,138.85606112294
2017-03-16,870.0,171.96999604833,853.42,139.99,139.55039102354
2017-03-15,868.39,170.58251526324,852.97,139.72,139.3222540562
2017-03-14,865.91,170.49519129775,852.53,139.32,137.86416126493
2017-03-13,864.58,171.21318834737,854.59,139.6,138.07246023511
2017-03-10,861.405,172.54245315546,852.46,138.79,138.01294624363
2017-03-09,857.84,171.91178007133,853.0,138.24,137.55667230894
2017-03-08,853.64,174.11428453438,850.5,137.72,137.87408026351
2017-03-07,851.15,175.01663217782,846.02,137.3,138.38986818967
2017-03-06,847.27,175.10395614332,846.61,137.42,138.21132621523
2017-03-03,849.08,174.69644430434,849.88,137.17,138.64776215275
2017-03-02,849.85,175.16217212032,848.91,136.76,137.83440426919
2017-03-01,856.75,176.53995024257,853.08,137.42,138.65768115133
2017-02-28,844.93,174.47328305919,845.04,135.54,135.8803615489
2017-02-27,849.67,174.06577122021,848.64,136.41,135.82084755742
2017-02-24,847.81,175.95779047261,845.24,135.44,135.55303459576
2017-02-23,851.0,176.24887035759,852.19,135.36,135.42408761422
2017-02-22,851.36,175.76373721595,855.61,136.12,135.99938953187
2017-02-21,849.27,174.90020022383,856.44,133.72,135.59271059008
2017-02-17,846.55,175.29800939998,845.07,133.53,134.62064872923
2017-02-16,842.17,176.03541177527,844.14,133.84,134.24868628248
2017-02-15,837.32,176.27797834609,842.7,133.44,134.41234975905
2017-02-14,840.03,174.77406560701,836.39,133.85,133.92631882862
2017-02-13,838.96,174.02696056888,836.53,134.05,132.21033207426
2017-02-10,834.85,173.36717949625,827.46,134.19,131.04980924039
2017-02-09,830.06,171.94088805983,821.36,134.14,131.34737919779
2017-02-08,829.88,170.93181112522,819.71,134.2,130.40911308577
2017-02-07,829.23,171.78853980631,812.5,131.84,129.9054123309
2017-02-06,821.62,169.28573691773,807.64,132.06,128.68072814257
2017-02-03,820.13,169.24723225791,810.2,130.98,127.48567341042
2017-02-02,818.26,168.05358780335,839.95,130.84,126.94246671398
2017-02-01,815.24,167.77442901963,832.35,133.23,127.15974939256
2017-01-31,820.19,167.99583081362,823.48,130.32,119.85115020417
2017-01-30,823.83,169.22797992799,830.38,130.98,120.12769179508
2017-01-27,845.03,170.67190467141,835.77,132.18,120.44373932755
2017-01-26,856.98,171.98106310543,839.15,132.78,120.43386284216
2017-01-25,858.45,171.62489500206,836.52,131.48,120.37460392982
2017-01-24,849.53,169.32424157755,822.44,129.37,118.48819522039
2017-01-23,844.43,164.63629924394,817.88,128.93,118.59683655968
2017-01-20,828.17,164.17424332605,808.33,127.04,118.51782467656
2017-01-19,824.37,160.57405763247,809.04,127.55,118.30054199798
2017-01-18,829.02,160.56443146752,807.48,127.92,118.50794819117
2017-01-17,827.46,161.61368344773,809.72,127.87,118.51782467656
2017-01-13,830.94,161.08424437515,817.14,128.34,117.56968207915
2017-01-12,829.53,161.67144043747,813.64,126.62,117.77708827233
2017-01-11,829.86,161.47891713834,799.02,126.09,118.27091254181
2017-01-10,826.01,159.33228235314,795.9,124.35,117.63881747687
2017-01-09,827.18,161.38265548878,796.92,124.9,117.5202996522
2017-01-06,825.21,163.19237450053,795.99,123.41,116.45363923011
2017-01-05,813.02,162.39340280917,780.45,120.67,115.16969612944
2017-01-04,807.77,162.93246804671,757.18,118.69,114.58698349145
2017-01-03,808.01,160.9398519008,753.67,116.86,114.71537780152
2016-12-30,792.45,159.78471210607,749.87,115.05,114.38945378366
2016-12-29,802.88,160.37190816839,765.15,116.35,115.28821395412
2016-12-28,804.57,159.9772354052,772.13,116.92,115.31784341029
2016-12-27,809.93,160.89172107602,771.4,118.01,115.81166767978
2016-12-23,807.8,160.47779598291,760.59,117.27,115.08080776094
2016-12-22,809.68,160.81471175637,766.34,117.4,114.85364859697
2016-12-21,812.2,161.07461821019,770.6,119.04,115.61413797198
2016-12-20,815.2,161.334524664,771.22,119.09,115.50549663269
2016-12-19,812.5,160.44891748804,766.0,119.24,115.19932558561
2016-12-16,809.84,160.49704831282,757.77,119.87,114.5376010645
2016-12-15,815.65,161.73882359216,761.0,120.57,114.38945378366
2016-12-14,817.89,162.21050567501,768.82,120.21,113.76723520411
2016-12-13,815.34,161.99873004597,774.34,120.31,113.76723520411
2016-12-12,807.9,159.31303002323,760.12,117.77,111.90057946545
2016-12-09,809.45,160.29489884875,768.66,119.68,112.54255101578
2016-12-08,795.17,159.17826371384,767.33,118.91,110.73515418946
2016-12-07,791.47,158.62957231134,770.42,117.95,109.65861728198
2016-12-06,776.18,154.35555507084,764.72,117.31,108.5919568599
2016-12-05,778.22,153.86462065808,759.36,117.43,107.76233208716
2016-12-02,764.46,154.03789162729,740.34,115.4,108.54257443295
2016-12-01,764.33,153.84536832817,743.65,115.1,108.13763853197
2016-11-30,775.88,156.15564791763,750.57,118.42,109.15491652711
2016-11-29,789.44,157.41667552688,762.52,120.87,110.08330615374
2016-11-28,785.79,158.36966585753,766.77,120.41,110.19194749303
2016-11-25,780.23,157.04125509359,780.37,120.38,110.4092301716
2016-11-23,779.0,155.92461995868,780.12,120.84,109.85614698978
2016-11-22,785.0,156.58882534065,785.33,121.47,110.41910665699
2016-11-21,784.8,156.68508699021,780.0,121.77,110.34997125926
2016-11-18,775.97,154.39405973067,760.16,117.02,108.70059819918
2016-11-17,786.16,153.82611599826,756.4,117.79,108.5919568599
2016-11-16,779.98,153.3351815855,746.49,116.34,108.63146280145
2016-11-15,775.16,152.73835935822,743.24,117.2,105.78703500922
2016-11-14,753.22,152.29555577024,719.07,115.08,104.40432705466
2016-11-11,771.75,155.2411622468,739.01,119.02,107.09073108066
2016-11-10,780.29,154.23041492641,742.38,120.8,106.45863601572
2016-11-09,805.59,149.02265968517,771.88,123.18,109.51047000114
2016-11-08,811.98,149.36920162359,787.75,124.22,109.68824673815
2016-11-07,802.03,148.55829390576,784.93,122.15,109.04627518782
2016-11-04,781.1,145.41960403323,755.05,120.75,107.49566698164
2016-11-03,782.19,145.36236348845,767.03,120.0,108.47343903522
2016-11-02,788.42,144.96167967493,765.56,127.17,109.6426726625
2016-11-01,805.48,145.76304730196,785.41,129.5,109.54441773584
2016-10-31,809.9,146.62165547378,789.82,130.99,111.55864373242
2016-10-28,819.56,145.5913256676,776.32,131.29,111.73550260041
2016-10-27,817.35,146.29729238665,818.36,129.69,112.48224004304
2016-10-26,822.1,144.82811840376,822.59,131.04,113.57286972899
2016-10-25,828.55,143.94088995955,835.18,132.29,116.18645077821
2016-10-24,835.74,143.64514714482,838.09,133.28,115.59692121824
2016-10-21,824.06,142.74837860981,818.99,132.07,114.56524448828
2016-10-20,821.63,144.55145577062,810.32,130.0,115.01721715093
2016-10-19,827.09,144.30341340987,817.69,130.11,115.07617010693
2016-10-18,821.49,143.78824850678,817.65,128.57,115.42006235025
2016-10-17,806.84,147.65198527996,812.95,127.54,115.49866629158
2016-10-14,804.6,147.34670237442,822.96,127.88,115.57727023291
2016-10-13,804.08,146.65027574617,829.28,127.82,114.9386132096
2016-10-12,811.77,147.19406092165,834.09,129.05,115.29233094559
2016-10-11,809.57,147.67106546155,831.0,128.88,114.2704797083
2016-10-10,814.17,149.7985057095,841.71,130.24,114.02484239164
2016-10-07,800.71,148.51059345177,839.43,128.99,112.06956935106
2016-10-06,803.08,149.66494443832,841.66,128.74,111.90253597573
2016-10-05,801.23,149.85574625428,844.36,128.47,111.07719459177
2016-10-04,802.79,149.26426062481,834.03,128.19,111.02806712844
2016-10-03,800.38,150.36137106658,836.74,128.77,110.55644348046
2016-09-30,804.06,151.54434232552,837.31,128.27,111.07719459177
2016-09-29,802.64,150.83837560647,829.05,128.09,110.22237672981
2016-09-28,810.06,151.01009724084,828.72,129.23,111.96148893173
2016-09-27,810.73,149.56000343955,816.11,128.69,111.11649656244
2016-09-26,802.65,146.89831810692,799.16,127.31,110.91016121645
2016-09-23,814.96,147.85232718671,805.75,127.96,110.74312784112
2016-09-22,815.95,148.93035744688,804.7,130.08,112.61979694037
2016-09-21,805.03,148.3770321806,789.74,129.94,111.56846922508
2016-09-20,799.78,147.34670237442,780.22,128.64,111.58812021042
2016-09-19,795.39,147.74738618794,775.1,128.65,111.59794570308
2016-09-16,797.97,146.76475683575,778.52,129.07,112.91456172036
2016-09-15,801.23,148.50105336097,769.69,128.35,113.55321874366
2016-09-14,790.46,146.9650987425,761.09,127.77,109.81953153049
2016-09-13,788.72,148.64415472294,761.01,127.21,106.06619333199
2016-09-12,798.82,151.01009724084,771.49,128.69,103.59999467277
2016-09-09,788.48,148.52967363337,760.14,127.1,101.33030586687
2016-09-08,802.84,151.68744368749,784.06,130.27,103.6785986141
2016-09-07,807.99,154.20602765815,784.48,131.05,106.46903853131
2016-09-06,808.02,152.97535594522,788.87,129.73,105.82055601534
2016-09-02,796.87,152.21214868138,772.44,126.51,105.85003249333
2016-09-01,791.4,152.20260859058,770.62,126.17,104.86748322671
2016-08-31,789.85,151.57296259792,769.16,126.12,104.24847718874
2016-08-30,791.92,152.06904731941,767.58,125.84,104.15022226208
2016-08-29,795.82,152.37433022494,771.29,126.54,104.95591266071
2016-08-26,793.22,151.03871751323,769.0,124.96,105.0738185727
2016-08-25,791.3,151.33446032797,759.22,123.89,105.69282461068
2016-08-24,793.6,151.73514414148,757.25,123.48,106.14479727332
2016-08-23,796.59,152.88949512803,762.45,124.37,106.95048767195
2016-08-22,796.95,152.64145276729,759.48,124.15,106.6164209213
2016-08-19,799.65,152.67961313048,757.31,123.56,107.45158779793
2016-08-18,802.75,153.93890511581,764.46,123.91,107.17647400328
2016-08-17,805.42,153.0612167624,764.63,124.37,107.3140309006
2016-08-16,801.19,153.30925912314,764.04,123.3,107.47123878326
2016-08-15,805.96,154.4349898373,768.49,123.9,107.56949370993
2016-08-12,807.05,154.50177047289,772.56,124.88,106.29217966332
2016-08-11,808.2,156.00910481897,771.24,124.9,106.04654234666
2016-08-10,808.49,154.62579165326,768.56,124.88,106.11532079532
2016-08-09,807.48,154.33004883853,768.31,125.06,106.91118570129
2016-08-08,805.23,154.58763129007,766.56,125.26,106.47886402397
2016-08-05,806.93,154.64438152182,765.98,125.15,105.60439517668
2016-08-04,797.25,152.79999898991,760.77,124.36,104.02249085742
2016-08-03,798.92,151.96766225756,754.64,122.51,103.38725392527
2016-08-02,800.12,151.88253690993,760.58,123.09,102.10700718511
2016-08-01,800.94,152.70541527032,767.74,124.31,103.64134869813
2016-07-29,791.34,151.92037039777,758.81,123.94,101.84313953637
2016-07-28,765.84,152.62974829466,752.61,125.0,101.9701869228
2016-07-27,761.97,153.06483340475,736.67,123.34,100.6117571756
2016-07-26,757.65,153.33912619155,735.59,121.22,94.47439112351
2016-07-25,757.52,153.84041990535,739.61,121.63,95.129173807411
2016-07-22,759.28,153.29183433175,744.86,121.0,96.419193423456
2016-07-21,754.41,151.75957807447,744.43,120.61,97.171704866148
2016-07-20,757.08,152.6202899227,745.72,121.92,97.689667287742
2016-07-19,753.41,150.93669971408,739.95,120.61,97.60171140483
2016-07-18,753.2,151.20153412892,736.07,119.37,97.562619901313
2016-07-15,735.63,151.12586715325,735.44,116.86,96.536467934005
2016-07-14,735.8,151.59878575118,741.2,117.29,96.546240809884
2016-07-13,729.48,149.46119368855,742.63,116.78,94.669848641092
2016-07-12,732.51,148.53427323662,748.21,117.93,95.207356814444
2016-07-11,727.2,146.91689163171,753.78,117.87,94.777350275762
2016-07-08,717.78,146.09401327132,745.81,117.24,94.484163999389
2016-07-07,707.26,144.33475608703,736.57,115.85,93.760971184333
2016-07-06,708.97,144.11721353199,737.61,116.7,93.360283273289
2016-07-05,704.89,143.46458586685,728.1,114.0,92.832547975816
2016-07-01,710.25,144.09829678807,725.68,114.19,93.712106804938
2016-06-30,703.53,143.55916958643,715.62,114.28,93.428693404443
2016-06-29,695.19,140.41899009621,715.6,114.16,92.255948298948
2016-06-28,691.26,137.80847943565,707.95,112.7,91.464345352739
2016-06-27,681.14,135.72763760478,691.36,108.97,89.949549591474
2016-06-24,685.2,138.65027453996,698.96,112.08,91.278660711035
2016-06-23,714.87,146.93580837563,722.08,115.08,93.917337198399
2016-06-22,710.47,144.63742398971,710.6,113.91,93.379829025047
2016-06-21,708.88,145.70622002102,715.82,114.38,93.731652556696
2016-06-20,706.13,145.29005165484,714.01,113.37,92.940049610487
2016-06-17,704.25,143.75779539756,706.39,113.02,93.164825755707
2016-06-16,724.25,142.87816680542,717.51,114.39,95.334404200873
2016-06-15,732.19,142.518748671,714.26,114.6,94.933716289828
2016-06-14,733.25,142.87816680542,719.3,114.94,95.24644831796
2016-06-13,731.88,143.08625098851,715.24,113.95,95.129173807411
2016-06-10,733.19,144.11721353199,717.91,116.62,96.585332313401
2016-06-09,742.52,145.11034258763,727.65,118.56,97.386708135489
2016-06-08,742.93,145.65892816123,726.64,118.39,96.692833948071
2016-06-07,731.09,145.02521724001,723.74,117.76,96.780789830983
2016-06-06,730.06,144.45771492249,726.73,118.79,96.389874795818
2016-06-03,735.86,144.60904887383,725.54,118.47,95.6960006084
2016-06-02,744.27,145.1860095633,728.24,118.93,95.500543090818
2016-06-01,748.46,144.24963073941,719.44,118.78,96.223735905873
2016-05-31,748.85,145.4130104903,722.79,118.81,97.591938528951
2016-05-27,747.6,144.56175701404,712.24,119.38,98.070809447028
2016-05-26,736.93,144.1834221357,714.91,119.47,98.129446702303
2016-05-25,738.1,143.47404423881,708.35,117.89,97.357389507852
2016-05-24,733.03,140.27711451683,704.2,117.7,95.676454856642
2016-05-23,717.25,138.82052523522,696.75,115.97,94.23984210241
2016-05-20,721.71,139.27452708922,702.8,117.35,93.057324121036
2016-05-19,715.31,137.08018479485,698.52,116.81,92.060490781365
2016-05-18,721.78,139.35965243685,697.45,117.65,92.412314313014
2016-05-17,720.19,139.98390498611,695.27,117.35,91.366616593947
2016-05-16,730.3,141.36482729206,710.66,118.67,91.747758753233
2016-05-13,724.83,139.71907057127,709.92,119.81,88.464072457847
2016-05-12,728.07,140.77840823063,717.93,120.28,88.288160692023
2016-05-11,730.55,140.88245032217,713.23,119.52,90.408874757793
2016-05-10,739.38,141.84720426194,703.07,120.5,91.298206462794
2016-05-09,729.13,139.35965243685,679.75,119.24,90.682515282409
2016-05-06,725.18,139.31236057706,673.95,119.49,90.614105151255
2016-05-05,714.71,137.23237241053,659.09,117.81,91.122294696969
2016-05-04,711.37,135.152384244,670.9,118.06,91.491407499281
2016-05-03,708.44,135.03995245122,671.32,117.43,92.453043484251
2016-05-02,714.41,136.10805448268,683.85,118.57,90.957165285409
2016-04-29,707.88,136.73579865906,659.59,117.58,91.054300233386
2016-04-28,705.06,137.79453137446,602.0,116.73,92.113071166332
2016-04-27,721.46,140.98009883671,606.57,108.89,95.017406110836
2016-04-26,725.37,139.67776390361,616.88,108.76,101.36031821372
2016-04-25,742.21,139.42479236984,626.2,110.1,102.06940333395
2016-04-22,737.77,139.13434357181,620.5,110.56,102.65221302181
2016-04-21,780.0,139.88388885705,631.0,113.44,102.93390437094
2016-04-20,774.92,136.89507703217,632.99,112.42,104.06066976747
2016-04-19,776.25,134.91815134237,627.9,112.29,103.84697288192
2016-04-18,787.68,142.91017794619,635.35,110.45,104.40064208539
2016-04-15,780.0,142.15126334489,625.89,109.64,106.70274035244
2016-04-14,775.39,141.62658164522,620.75,110.84,108.88827668191
2016-04-13,771.91,141.69216685768,614.82,110.51,108.82999571313
2016-04-12,764.32,140.19307628721,603.17,110.61,107.2758365455
2016-04-11,757.54,139.83704227672,595.93,108.99,105.89652028423
2016-04-08,759.47,139.93073543738,594.6,110.63,105.54683447151
2016-04-07,760.12,138.90011067018,591.43,113.64,105.43027253394
2016-04-06,768.07,140.55847961376,602.08,113.71,107.78093827498
2016-04-05,758.57,140.53974098163,586.14,112.22,106.66388637325
2016-04-04,765.12,142.47918940718,593.19,112.55,107.93635419174
2016-04-01,769.67,142.90080863012,598.5,116.06,106.8387292796
2016-03-31,762.9,141.89829181112,593.64,114.1,105.86737979984
2016-03-30,768.34,139.05001972723,598.69,114.7,106.4210490033
2016-03-29,765.89,139.91199680525,593.86,116.14,104.59491198134
2016-03-28,753.28,139.04065041116,579.87,113.69,102.17625177672
2016-03-24,754.84,138.61903118822,582.95,113.05,102.64249952701
2016-03-23,757.56,136.22985559153,569.63,112.54,103.0893202877
2016-03-22,760.05,138.7595709292,560.48,112.25,103.66241648077
2016-03-21,762.16,139.25614468067,553.98,111.85,102.87562340215
2016-03-18,755.41,137.81327000659,552.08,111.45,102.88533689695
2016-03-17,758.48,137.76642342626,559.44,111.02,102.76877495938
2016-03-16,757.36,135.65832731154,574.27,112.18,102.93390437094
2016-03-15,750.57,133.94374247156,577.02,110.67,101.58372859406
2016-03-14,750.24,133.77509478238,573.37,109.89,99.582748665742
2016-03-11,744.87,133.38158350763,569.61,109.41,99.330197801003
2016-03-10,732.17,131.34844192143,558.93,107.32,98.271426868057
2016-03-09,725.41,131.55456687487,559.47,107.51,98.222859394068
2016-03-08,713.53,130.2990785221,560.26,105.93,98.135437940889
2016-03-07,712.8,131.31096465717,562.8,105.73,98.951371503894
2016-03-04,730.22,129.10917538179,575.14,108.39,100.05870991083
2016-03-03,731.59,129.10917538179,577.49,109.58,98.59197219638
2016-03-02,739.48,127.70377797198,580.21,109.95,97.863460086554
2016-03-01,742.17,125.89549997135,579.04,109.82,97.649763201006
2016-02-29,717.22,122.76614840549,552.52,106.92,93.919781198699
2016-02-26,724.86,123.70308001203,555.23,107.92,94.133478084248
2016-02-25,729.12,126.0173010802,555.15,108.07,93.987775662283
2016-02-24,720.9,124.42451734907,554.04,106.88,93.346685005636
2016-02-23,717.29,124.04974470645,552.94,105.46,91.977082239165
2016-02-22,729.05,125.33334100742,559.5,107.16,94.104337599855
2016-02-19,722.11,124.6868581989,534.9,104.57,93.28840403685
2016-02-18,717.51,124.09659128678,525.0,103.47,93.502100922399
2016-02-17,731.97,118.14707558522,534.1,105.2,95.308810954766
2016-02-16,717.64,114.99898538724,521.1,101.61,93.871213724711
2016-02-12,706.89,113.40620165611,507.08,102.01,91.297137603327
2016-02-11,706.36,110.41738983123,503.82,101.91,91.015446254195
2016-02-10,706.85,112.60980979055,490.48,101.0,91.569115457662
2016-02-09,701.02,116.24510442394,482.07,99.54,92.268487083095
2016-02-08,704.16,118.97157539898,488.1,99.75,92.28791407269
2016-02-05,703.76,119.24053203186,502.13,104.07,91.32627808772
2016-02-04,730.03,118.38729029997,536.26,110.49,93.83235974552
2016-02-03,749.38,115.66990087123,531.07,112.69,93.088425262365
2016-02-02,780.91,114.01906360735,552.1,114.61,91.281727231844
2016-02-01,770.77,115.77191890439,574.81,115.09,93.165717156719
2016-01-29,761.35,115.73482143779,587.0,112.21,94.044912454993
2016-01-28,748.3,113.35130920848,635.35,109.11,90.90492924687
2016-01-27,717.58,112.18273901045,583.35,94.45,90.257609631657
2016-01-26,733.79,113.69446077457,601.25,97.34,96.605206455463
2016-01-25,733.62,113.22146807537,596.53,97.01,96.07382468178
2016-01-22,745.46,113.61099147471,596.38,97.94,97.986799067037
2016-01-21,726.67,113.9912405074,575.02,94.16,93.040117828394
2016-01-20,718.56,113.01743200904,571.77,94.35,93.513530681311
2016-01-19,719.08,118.81391116592,574.48,95.26,93.387931352986
2016-01-15,710.49,120.59458956291,570.18,94.97,93.842021232314
2016-01-14,731.39,123.26560715839,593.0,98.37,96.151116576134
2016-01-13,719.57,121.65186736112,581.81,95.44,94.093219888964
2016-01-12,745.34,123.25633279174,617.89,99.37,96.57622199508
2016-01-11,733.07,123.56238689123,617.74,97.51,95.194629383506
2016-01-08,730.91,122.07848822707,607.05,97.33,93.677775956812
2016-01-07,741.0,123.21923532514,607.94,97.92,93.185040130307
2016-01-06,759.33,125.36161402152,632.65,102.97,97.291172017853
2016-01-05,761.53,125.99227095379,633.79,102.73,99.233130863492
2016-01-04,759.44,126.0850146203,636.99,102.22,101.78376337717
2015-12-31,778.01,127.63383385101,675.89,104.66,101.69680999602
2015-12-30,790.3,129.22902491499,689.07,106.22,103.68707627563
2015-12-29,793.96,129.63709704763,693.97,107.26,105.05900740041
2015-12-28,782.24,127.62455948436,675.2,105.93,103.20400193592
2015-12-24,765.84,128.21811895003,662.79,105.02,104.37304183802
2015-12-23,768.51,128.48707558291,663.7,104.63,104.93340807209
2015-12-22,767.13,127.9213392172,663.15,105.51,103.60012289448
2015-12-21,760.8,125.667668121,664.51,104.77,103.69673776242
2015-12-18,756.85,125.11120612194,664.14,104.04,102.44074447918
2015-12-17,769.83,126.82696395238,670.65,106.22,105.29088308347
2015-12-16,776.59,129.18265308173,675.77,106.79,107.57099396691
2015-12-15,760.09,127.79149808408,658.64,104.55,106.7497675894
2015-12-14,762.54,126.066465887,657.91,104.66,108.67240346145
2015-12-11,750.42,124.80515202246,640.15,102.12,109.34870753705
2015-12-10,760.04,126.85478705233,662.32,105.42,112.23749208852
2015-12-09,762.55,126.69712281926,664.79,104.6,111.70611031484
2015-12-08,775.14,128.03263161701,677.33,106.49,114.22775836813
2015-12-07,772.99,129.42378661466,669.83,105.61,114.2760658021
2015-12-04,779.21,130.23993087994,672.64,106.18,115.00067731167
2015-12-03,768.2,128.83950151564,666.25,104.38,111.30032786948
2015-12-02,777.85,129.56290211442,676.01,106.07,112.34376844326
2015-12-01,783.79,131.02825204528,679.06,107.12,113.36788604344
2015-11-30,762.85,129.30321984819,664.8,104.24,114.29538877569
2015-11-27,771.97,128.4128806497,673.26,105.45,113.82197592277
2015-11-25,769.26,127.98625978375,675.34,105.41,114.03452863225
2015-11-24,769.63,128.54272178281,671.15,105.74,114.85575500976
2015-11-23,776.7,128.4128806497,678.99,106.95,113.76400700201
2015-11-20,777.0,128.4499781163,668.45,107.32,115.26153745511
2015-11-19,759.94,126.81768958573,661.27,106.26,114.75914014181
2015-11-18,760.01,125.96444785383,663.54,107.77,113.31957860947
2015-11-17,745.98,124.10957452364,643.3,105.13,109.84144336355
2015-11-16,750.42,124.00755649047,647.81,104.04,110.31002547307
2015-11-13,740.07,122.18978062688,642.35,103.95,108.53714264633
2015-11-12,756.53,123.38617392486,665.6,108.02,111.80272518278
2015-11-11,765.25,125.22249852176,673.25,109.01,112.17952316775
2015-11-10,758.26,125.63984502105,659.68,107.91,112.81718129617
2015-11-09,754.77,125.49145515463,655.49,106.49,116.48854627798
2015-11-06,761.6,128.21811895003,659.37,107.095,116.9619591309
2015-11-05,760.67,128.53050992418,655.65,108.76,116.82669831578
2015-11-04,755.31,130.12921667426,640.95,103.94,117.3654248561
2015-11-03,748.82,130.35891591996,625.31,102.58,117.91377151321
2015-11-02,747.74,128.97153247592,628.35,103.31,116.5765752792
2015-10-30,737.39,128.70508135091,625.9,101.97,114.96039565823
2015-10-29,744.85,129.13691593283,626.55,104.88,115.95126768775
2015-10-28,736.92,129.39417908801,617.1,104.2,114.73913297203
2015-10-27,732.82,126.66535204909,611.01,103.7,110.19843784645
2015-10-26,731.12,131.99437454934,608.61,103.77,110.90070637222
2015-10-23,719.33,132.9315474718,599.03,102.19,114.55635075299
2015-10-22,681.14,132.38945725195,563.91,99.67,111.11234894164
2015-10-21,671.8,129.47687081647,555.77,97.11,109.43844861992
2015-10-20,680.0,129.21960766128,560.88,97.0,109.44806873671
2015-10-19,699.95,137.10288577372,573.15,98.47,107.48556491125
2015-10-16,695.32,138.1778782436,570.76,97.54,106.82177685263
2015-10-15,693.02,137.90223914876,562.44,95.96,107.61062642954
2015-10-14,680.41,137.82873539014,544.83,94.07,106.02330715894
2015-10-13,683.17,137.47040456684,548.9,94.12,107.543285612
2015-10-12,676.43,138.8669759807,550.19,94.26,107.36050339296
2015-10-09,671.24,140.01547220921,539.8,93.24,107.86074946611
2015-10-08,667.0,139.9144045411,533.16,92.47,105.34027886675
2015-10-07,670.0,137.90223914876,541.94,92.4,106.57165381606
2015-10-06,671.64,136.69861510129,537.48,92.8,107.081520006
2015-10-05,671.68,136.93750231682,543.68,94.01,106.57165381606
2015-10-02,656.99,132.83966777352,532.54,92.07,106.1868491444
2015-10-01,642.0,131.93005876055,520.72,90.95,105.41723980108
2015-09-30,637.2,133.19799859681,511.67,89.73,105.77318412236
2015-09-29,622.61,130.90100613981,496.07,86.67,104.91699372792
2015-09-28,624.25,130.94694598895,504.06,89.21,108.16859320344
2015-09-25,640.15,133.61145723908,524.25,92.77,110.35235971511
2015-09-24,654.91,132.68347228645,533.75,94.41,110.63134310206
2015-09-23,653.29,131.99437454934,536.07,93.97,109.97717516024
2015-09-22,653.2,132.7018482261,538.4,92.96,109.09212441542
2015-09-21,666.98,134.58538204085,548.39,95.55,110.83336555468
2015-09-18,660.92,132.77535198473,540.26,94.4,109.14022499938
2015-09-17,671.67,136.1105850323,538.87,94.34,109.59237048858
2015-09-16,665.52,136.35866021765,527.39,93.45,111.98777956966
2015-09-15,665.07,135.55011887279,522.37,92.9,111.86271805137
2015-09-14,652.47,133.82278054512,521.38,92.31,110.9295667226
2015-09-11,655.3,135.40311135554,529.44,92.05,109.87135387553
2015-09-10,651.08,134.32811888566,522.24,91.98,108.29365472173
2015-09-09,643.41,133.27150235544,516.89,90.44,105.96558645819
2015-09-08,643.88,135.27447977795,517.54,89.53,108.04353168515
2015-09-04,628.96,132.03112642866,499.0,88.26,105.11901618054
2015-09-03,637.05,134.86102113569,504.72,88.15,106.1772290276
2015-09-02,644.91,133.27150235544,510.55,89.89,108.07239203553
2015-09-01,629.56,131.0939535062,496.54,87.23,103.62789807786
2015-08-31,647.82,135.8808857866,512.89,89.43,108.47643694077
2015-08-28,659.69,135.96357751505,518.01,91.01,108.98630313072
2015-08-27,667.96,136.47810382542,518.37,89.73,108.63035880943
2015-08-26,659.74,134.78751737706,500.77,87.19,105.52306108578
2015-08-25,612.47,129.51362269578,466.37,83.0,99.799091594851
2015-08-24,618.11,131.81980312261,463.37,82.09,99.202644353779
2015-08-21,644.03,136.76293089009,494.47,86.06,101.74235518673
2015-08-20,679.48,140.26354739456,515.78,90.56,108.37061565606
2015-08-19,694.04,141.43960753255,532.92,95.31,110.64096321885
2015-08-18,688.73,143.34151728695,535.02,95.17,112.07436062078
2015-08-17,694.11,143.61715638179,535.22,93.93,112.70928832902
2015-08-14,689.37,143.10263007142,531.52,94.42,111.55487431404
2015-08-13,686.51,142.47784812312,529.66,93.43,110.77564485393
2015-08-12,691.47,143.47933683437,525.91,94.19,110.86222590506
2015-08-11,690.3,142.88211879555,527.46,93.62,109.17870546655
2015-08-10,663.14,144.02142705422,524.0,94.15,115.17203822764
2015-08-07,664.39,142.52378797226,522.62,94.3,111.13158917522
2015-08-06,670.15,143.62634435162,529.46,95.12,110.75640462035
2015-08-05,673.29,143.88148568152,537.01,96.44,110.51698307988
2015-08-04,661.28,143.60811997091,531.9,94.06,109.78914159686
2015-08-03,664.72,144.61957310015,535.03,94.14,113.42834901197
2015-07-31,657.5,147.60837153609,536.15,94.01,116.16733143492
2015-07-30,664.56,146.66981592968,536.76,95.21,117.19205562812
2015-07-29,661.43,146.78827440428,529.0,96.99,117.78582104848
2015-07-28,659.66,145.84060660751,526.03,95.29,118.15931865161
2015-07-27,658.27,144.94761195287,531.41,94.17,117.57513009287
2015-07-24,654.77,145.56724089691,529.42,96.95,119.23192715291
2015-07-23,674.73,147.3714545869,482.18,95.44,119.86400001974
2015-07-22,695.1,146.11397231812,488.27,97.04,119.92146118945
2015-07-21,695.35,148.59248809427,488.0,98.39,125.2174656646
2015-07-20,692.84,157.84136130305,488.1,97.91,126.48161139827
2015-07-17,699.62,157.19439578796,483.01,94.97,124.13528030169
2015-07-16,601.78,155.81845504458,475.48,90.85,123.07224866201
2015-07-15,583.96,153.56774402727,461.19,89.76,121.45375904845
2015-07-14,584.18,153.6406415501,465.57,89.68,120.29495879258
2015-07-13,571.73,154.34228020731,455.57,90.1,120.34284310068
2015-07-10,556.11,152.12801795142,443.51,87.95,118.06355003542
2015-07-09,544.65,149.30323894184,434.39,85.88,114.98937745582
2015-07-08,541.7,148.67449780745,429.7,85.65,117.3835928605
2015-07-07,550.03,150.35114083249,436.72,87.22,120.37157368553
2015-07-06,545.62,150.10511169294,436.04,87.55,120.66845639571
2015-07-02,547.34,150.43315054567,437.71,87.285,121.08983830694
2015-07-01,543.3,149.88641912446,437.39,86.91,121.24306809284
2015-06-30,540.04,148.21888828977,434.09,85.765,120.11778685264
2015-06-29,541.25,148.50136619073,429.86,85.8,119.26065773776
2015-06-26,553.06,150.77030158875,438.1,88.01,121.38672101712
2015-06-25,557.95,151.33525739067,440.1,87.98,122.10498563852
2015-06-24,558.57,152.14624233213,440.84,88.86,122.68917419726
2015-06-23,563.39,153.64975374045,445.99,87.88,121.65487314244
2015-06-22,559.68,152.83876879899,436.29,84.74,122.21033111633
2015-06-19,557.52,152.16446671283,434.92,82.51,121.24306809284
2015-06-18,556.18,153.31260269737,439.39,82.905,122.46890638003
2015-06-17,546.6,152.32848613919,427.81,81.79,121.91344840615
2015-06-16,544.87,152.02778385753,427.26,81.06,122.20075425471
2015-06-15,543.0,151.49927681703,423.67,80.71,121.54952766463
2015-06-12,547.47,152.16446671283,429.92,81.53,121.7889492051
2015-06-11,550.04,153.79554878611,432.97,81.83,123.14886355496
2015-06-10,552.6,153.92311945105,430.77,82.16,123.4265925419
2015-06-09,542.16,150.97076977653,425.48,80.67,122.02837074557
2015-06-08,543.48,150.66095530451,423.5,80.67,122.39229148708
2015-06-05,549.53,152.53806651733,426.95,82.14,123.20632472467
2015-06-04,551.69,153.43106117197,430.78,82.05,123.8862818996
2015-06-03,555.29,154.8343384864,436.59,82.44,124.61412338262
2015-06-02,553.95,154.58830934686,430.99,80.445,124.46089359672
2015-06-01,549.21,155.07125543559,430.92,80.29,125.0115631398
2015-05-29,545.32,154.58830934686,429.23,79.19,124.76735316852
2015-05-28,554.18,156.46542055968,426.57,80.145,126.20388241133
2015-05-27,554.25,156.72967407993,431.42,80.55,126.45766924422
2015-05-26,547.19,155.02569448383,425.47,79.335,124.13528030169
2015-05-22,554.52,156.9301422677,427.63,80.54,126.93172389435
2015-05-21,556.81,157.95070758729,431.63,80.48,125.8303848082
2015-05-20,552.51,158.33341958214,423.86,80.55,124.55666221291
2015-05-19,549.28,158.07827825224,421.71,80.63,124.56623907453
2015-05-18,546.67,157.6955662574,425.24,80.88,124.68116141395
2015-05-15,546.49,157.87781006447,426.0,80.42,123.3212470641
2015-05-14,549.2,158.59767310239,432.28,81.37,123.49363057323
2015-05-13,539.49,156.98481540983,426.87,78.44,120.67803325733
2015-05-12,538.73,155.40840647867,431.02,77.46,120.53916876386
2015-05-11,545.78,155.92780132882,432.85,78.01,120.97491596751
2015-05-08,548.95,157.34930302396,433.69,78.51,122.21990797794
2015-05-07,542.04,155.80934285423,426.88,78.425,119.95976863593
2015-05-06,535.08,154.952796961,419.1,78.1,119.22539892811
2015-05-05,543.045,156.51724597613,421.19,77.56,119.97884317379
2015-05-04,552.84,157.32207812842,423.04,78.81,122.74465116429
2015-05-01,551.16,157.05078639169,422.87,78.99,122.98308288761
2015-04-30,548.77,154.89853861365,421.78,78.77,119.35892069317
2015-04-29,561.39,157.71092961773,429.37,80.465,122.68742755069
2015-04-28,564.37,157.27686283897,429.31,80.68,124.51858318578
2015-04-27,566.12,154.39212737176,438.56,81.91,126.51187239272
2015-04-24,573.66,153.53303687212,445.1,81.53,124.25153965566
2015-04-23,557.46,153.94901753511,389.99,82.41,123.66976625076
2015-04-22,549.18,149.53600528433,389.8,84.63,122.66835301283
2015-04-21,542.925,148.54126891633,391.18,83.62,121.03748002533
2015-04-20,544.53,150.25944991561,389.51,83.09,121.69555158169
2015-04-17,532.74,145.29481113349,375.56,80.775,118.97742993586
2015-04-16,543.52,147.51940337466,386.04,82.31,120.33172212431
2015-04-15,541.04,148.42370916375,383.45,82.705,120.9134955292
2015-04-14,539.78,146.76882956971,385.11,83.515,120.45570662043
2015-04-13,548.64,146.84117403284,382.36,83.01,120.98025641173
2015-04-10,548.54,147.2752408116,382.65,82.04,121.21868813505
2015-04-09,548.02,146.80500180128,383.54,82.17,120.70367561268
2015-04-08,548.84,146.36189196462,381.2,82.275,119.78809779514
2015-04-07,544.86,146.56083923822,374.41,82.32,120.17912582138
2015-04-06,543.95,146.53371006455,377.04,82.44,121.45711985837
2015-04-02,541.31,145.09586385989,372.25,81.555,119.52105426502
2015-04-01,549.49,143.94739550774,370.255,81.665,118.50056648922
2015-03-31,554.7,145.14107914934,372.1,82.215,118.67223733001
2015-03-30,561.135,147.10342271168,374.59,83.195,120.52246750296
2015-03-27,557.55,145.05064857044,370.56,83.3,117.54683959595
2015-03-26,563.64,145.22246667036,367.35,83.01,118.49102922029
2015-03-25,567.0,143.96548162352,370.96,82.92,117.67082409207
2015-03-24,577.54,147.40184362208,374.09,85.31,120.82766010881
2015-03-23,565.37,148.8758620583,375.11,84.43,121.32359809331
2015-03-20,564.95,147.29332692738,378.49,83.8,120.07421586312
2015-03-19,563.67,144.51710815487,373.24,82.75,121.59541025789
2015-03-18,566.16,144.51710815487,375.135,80.91,122.52529397883
2015-03-17,557.61,141.93983665596,371.92,79.365,121.16146452145
2015-03-16,561.64,142.04835335065,373.35,78.07,119.16817531451
2015-03-13,553.0,139.51629714119,370.58,78.05,117.87110673966
2015-03-12,561.17,142.86222856083,374.24,78.93,118.69131186788
2015-03-11,555.69,141.7951477297,366.37,77.57,116.58357543374
2015-03-10,559.85,142.70849657669,369.51,77.55,118.74853548147
2015-03-09,574.1,145.3852417124,378.56,79.44,121.25683721078
2015-03-06,572.9,143.33246757116,380.09,80.005,120.74182468841
2015-03-05,581.435,145.75600708593,387.83,81.21,120.56061657869
2015-03-04,578.33,144.16442889712,382.72,80.895,122.59205486136
2015-03-03,578.795,145.62036121756,384.61,79.6,123.37411091385
2015-03-02,575.02,145.12299303356,385.655,79.75,123.11660465266
2015-02-27,562.63,146.44327948564,380.16,78.97,122.5157567099
2015-02-26,559.29,145.47567229131,384.8,80.41,124.38029278625
2015-02-25,547.33,147.23002552215,385.37,79.56,122.83048658468
2015-02-24,538.65,149.05672321612,378.59,78.45,126.05408348395
2015-02-23,535.0,147.32045610106,380.14,78.84,126.84567680536
2015-02-20,541.8,147.98964238499,383.66,79.895,123.50286404444
2015-02-19,546.45,148.20667577437,378.995,79.42,122.50621944097
2015-02-18,542.65,146.66935593291,373.37,76.71,122.75895706769
2015-02-17,545.01,145.55705981233,375.43,75.6,121.91490876714
2015-02-13,551.16,145.05064857044,381.83,75.74,121.19961359718
2015-02-12,546.01,143.35055368694,377.17,76.23,120.60830292335
2015-02-11,538.0,143.06117583443,375.14,76.51,119.10141443198
2015-02-10,540.16,143.38672591851,372.995,75.19,116.37375551722
2015-02-09,529.28,140.84562665116,370.56,74.44,114.18018366269
2015-02-06,533.875,141.72280326658,374.28,74.47,113.42673941701
2015-02-05,529.83,141.80362351936,373.89,75.615,114.39000357921
2015-02-04,526.1,140.95052085111,364.75,75.63,113.58250002434
2015-02-03,533.3,142.30650509222,363.55,75.4,112.71799621853
2015-02-02,532.2,138.88511439113,364.47,74.99,112.69899613489
2015-01-30,537.55,137.67281059941,354.53,75.91,111.30248998705
2015-01-29,513.23,139.62147669425,311.78,78.0,112.95549726408
2015-01-28,512.43,136.09232565612,303.91,76.24,109.54498224997
2015-01-27,521.19,137.99609161053,306.75,75.78,103.68345644577
2015-01-26,536.72,140.4117191659,309.66,77.495,107.4454730073
2015-01-23,541.95,139.97169778964,312.39,77.83,107.33147250543
2015-01-22,537.3,139.54065644147,310.32,77.65,106.78047007976
2015-01-21,520.39,136.57724717281,297.25,76.74,104.07295816047
2015-01-20,509.94,140.94154082302,289.44,76.24,103.28445468924
2015-01-16,510.455,141.11216135667,290.74,75.18,100.69094327183
2015-01-15,504.01,138.80429413835,286.95,74.05,101.47944674306
2015-01-14,505.93,139.90883759303,293.27,76.28,104.31045920603
2015-01-13,501.8,140.8158204298,294.74,76.45,104.70946096255
2015-01-12,497.06,140.48355939059,291.41,76.72,103.78795690581
2015-01-09,500.72,142.88122688978,296.93,77.74,106.4099684487
2015-01-08,506.91,142.26160495179,300.46,78.175,106.29596794683
2015-01-07,505.15,139.23533548652,298.42,76.15,102.36295063251
2015-01-06,506.64,140.15129835138,295.29,76.15,100.94744440102
2015-01-05,519.46,143.24042801325,302.19,77.19,100.9379443592
2015-01-02,529.55,145.5303351754,308.52,78.45,103.86395724039
2014-12-31,530.66,144.07557062533,310.35,78.02,104.8614616317
2014-12-30,535.28,143.72534952994,310.3,79.22,106.89447058162
2014-12-29,537.31,144.13843082194,312.04,80.02,108.21497639488
2014-12-26,541.52,145.78177596183,309.09,80.775,108.29097672946
2014-12-24,536.93,145.31481450131,303.03,80.77,106.4099684487
2014-12-23,538.77,145.69197568096,306.285,80.61,106.91347066526
2014-12-22,532.3,144.97357343401,306.54,81.45,107.29347233815
2014-12-19,520.04,142.34242520457,299.9,79.88,106.19146748679
2014-12-18,514.62,141.59708287336,297.73,78.4,107.01797112531
2014-12-17,506.45,136.43356672342,298.88,76.11,103.93995757497
2014-12-16,498.16,135.96660526291,295.06,74.69,101.40819642939
2014-12-15,515.84,137.44830989724,306.07,76.99,102.81420261905
2014-12-12,521.51,139.53167641339,307.32,77.83,104.24395891327
2014-12-11,532.11,144.6413123948,307.36,77.73,106.03946681764
2014-12-10,528.04,144.13843082194,305.84,76.18,106.35296819776
2014-12-09,536.11,146.36547778747,312.5,76.84,108.41447727315
2014-12-08,530.73,145.35073461366,306.64,76.52,106.78047007976
2014-12-05,528.08,146.61691857391,312.63,76.36,109.25048095349
2014-12-04,542.58,147.31736076468,316.93,75.24,109.71598300277
2014-12-03,536.97,147.73942208476,316.5,74.88,110.13398484294
2014-12-02,538.59,146.07811688869,326.31,75.46,108.89897940607
2014-12-01,539.65,145.06337371488,326.0,75.1,109.31698124624
2014-11-28,549.08,145.62911548435,338.64,77.7,112.98399738955
2014-11-26,547.73,145.43155486644,333.57,77.62,113.0504976823
2014-11-25,549.23,145.26093433279,335.04,75.63,111.72049182722
2014-11-24,547.48,145.61115542818,335.64,74.01,112.69424611398
2014-11-21,545.89,144.5066119735,332.63,73.75,110.64698710133
2014-11-20,543.76,144.25517118707,330.54,73.6,110.49498643217
2014-11-19,547.2,144.96459340593,326.54,73.33,108.93697957336
2014-11-18,544.51,145.37767469792,324.93,74.34,109.69698291912
2014-11-17,546.64,147.41614107363,323.05,74.24,108.29097672946
2014-11-14,555.19,147.41614107363,327.82,74.88,108.47147752408
2014-11-13,556.44,146.18587722574,316.48,74.25,107.17947183628
2014-11-12,558.25,145.40461478218,311.51,74.72,105.68796527022
2014-11-11,561.29,146.64385865817,312.01,74.61,104.2154587878
2014-11-10,558.23,146.81447919182,305.11,75.0,103.38895514929
2014-11-07,551.82,145.53931520348,299.86,75.6,103.55995590208
2014-11-06,551.69,144.99153349019,296.64,75.26,103.2654546056
2014-11-05,555.95,144.33150805476,296.52,74.83,102.97222119965
2014-11-04,564.19,145.07180685395,302.81,75.76,102.72628350433
2014-11-03,563.77,146.59700076555,305.72,73.88,103.48301487453
2014-10-31,567.87,146.63267781611,305.46,74.99,102.15873497669
2014-10-30,560.27,146.5880815029,299.07,74.11,101.19390247968
2014-10-29,558.45,145.79426712787,294.12,75.86,101.53443159627
2014-10-28,558.94,145.91913680484,295.59,80.77,100.96688306863
2014-10-27,549.88,144.37610436797,289.97,80.28,99.425042901847
2014-10-24,548.9,144.56340888342,287.06,80.67,99.52909346525
2014-10-23,553.65,144.65260150983,313.18,80.04,99.160186922278
2014-10-22,542.69,144.30475026684,312.97,78.37,97.419704770824
2014-10-21,538.03,145.58912408713,315.33,78.69,96.927829380195
2014-10-20,532.38,150.82473125732,306.21,76.95,94.36440186365
2014-10-17,522.97,162.37517637727,303.64,75.95,92.387441159009
2014-10-16,536.92,160.40401933363,302.86,72.63,91.053702119036
2014-10-15,540.73,162.10759849804,305.97,73.21,92.264472311352
2014-10-14,548.69,163.93604733942,308.31,73.59,93.409028508776
2014-10-13,544.75,163.68630798548,306.45,72.99,94.411697574288
2014-10-10,555.19,165.83585028193,311.39,72.91,95.281938650015
2014-10-09,570.81,166.27289415133,315.37,75.91,95.556253771712
2014-10-08,583.74,168.89515736775,322.7,77.52,95.348152644907
2014-10-07,574.1,165.63962650383,316.98,76.29,93.409028508776
2014-10-06,587.78,168.60974096324,322.2,77.555,94.231973873866
2014-10-03,586.25,168.27972824553,322.74,77.44,94.231973873866
2014-10-02,580.88,166.70993802074,318.41,77.08,94.496829853435
2014-10-01,579.63,166.9418388494,317.46,76.55,93.815771620257
2014-09-30,588.41,169.31436271187,322.44,79.04,95.30085693427
2014-09-29,587.81,169.1448967217,321.82,79.0,94.695471838112
2014-09-26,587.9,169.51950575261,323.21,78.79,95.30085693427
2014-09-25,585.25,168.58298317532,321.93,77.22,92.576624001558
2014-09-24,598.42,171.52633984681,328.21,78.535,96.246771147017
2014-09-23,591.18,170.91091072459,323.63,78.29,97.088634796362
2014-09-22,597.27,172.23988085808,324.5,76.8,95.594090340222
2014-09-19,605.4,173.03369523312,331.32,77.91,95.499498918947
2014-09-18,597.27,172.8107136671,325.0,77.0,96.284607715527
2014-09-17,593.29,171.96338371622,324.0,76.43,96.08596573085
2014-09-16,588.78,172.10609191847,327.76,76.08,95.404907497672
2014-09-15,581.64,171.08037671477,323.89,74.58,96.133261441487
2014-09-12,584.9,170.6076557948,331.19,77.48,96.16163886787
2014-09-11,591.11,171.000103351,330.52,77.92,95.944078598938
2014-09-10,593.42,170.83955662346,331.33,77.43,95.537335487457
2014-09-09,591.97,169.45707091413,329.75,76.67,92.690133707088
2014-09-08,601.63,169.59085985374,342.34,77.89,93.040121965804
2014-09-05,597.78,170.53630169367,346.38,77.26,93.61712963558
2014-09-04,593.14,170.07250003635,345.95,75.95,92.813102554745
2014-09-03,589.52,171.20524639174,339.0,75.83,93.588752209198
2014-09-02,588.63,170.85739514875,342.38,76.68,97.712938176775
2014-08-29,582.36,171.51742058417,339.04,74.82,96.956206806577
2014-08-28,580.32,171.24984270494,340.02,73.855,96.719728253391
2014-08-27,583.0,171.47282427097,343.18,74.63,96.606218547861
2014-08-26,588.12,172.13284970639,341.83,75.9601,95.432339009842
2014-08-25,590.57,170.50062464311,334.02,75.02,96.04812916234
2014-08-22,592.54,169.83167994504,331.59,74.57,95.840028035536
2014-08-21,592.42,170.5630594816,332.91,74.57,95.140051518103
2014-08-20,595.41,169.55518280318,335.78,74.81,95.130592375976
2014-08-19,597.11,169.52842501525,335.13,75.29,95.092755807466
2014-08-18,592.7,168.89515736775,334.53,74.59,93.796853336002
2014-08-15,583.71,167.12914336486,333.63,73.63,92.680674564961
2014-08-14,584.65,167.5751064969,333.21,74.296,92.226635742842
2014-08-13,584.56,167.63754133539,326.28,73.77,91.980698047528
2014-08-12,572.12,167.09346631429,319.32,72.83,90.779386997339
2014-08-11,577.25,167.20941672862,318.33,73.44,90.798305281594
2014-08-08,577.94,166.46019866679,316.8,73.06,89.61591251566
2014-08-07,571.81,164.38201047147,311.45,73.17,89.369974820346
2014-08-06,574.49,165.87152733249,313.89,72.47,89.379387139969
2014-08-05,573.14,165.89812778056,312.32,72.69,89.529984253937
2014-08-04,582.27,168.15029905027,313.65,73.51,89.972363276217
2014-08-01,573.6,167.71582506517,307.06,72.36,90.480628535859
2014-07-31,579.55,169.95026270283,312.99,72.65,89.98177559584
2014-07-30,595.44,172.01623083607,322.51,74.677,92.381917099704
2014-07-29,593.95,172.52163934935,320.0,73.71,92.598400451033
2014-07-28,599.02,173.59452408807,320.41,74.92,93.200788906905
2014-07-25,598.08,172.37090347697,324.01,75.19,91.931066989763
2014-07-24,603.01,173.11571602286,358.61,74.98,91.327737301929
2014-07-23,605.19,171.68815864324,358.14,71.29,91.478334415897
2014-07-22,603.57,172.09603218027,360.84,69.27,89.153491469017
2014-07-21,598.44,169.22318378899,359.76,69.4,88.418389306461
2014-07-18,605.11,170.6862084327,358.66,68.4199,88.88053419995
2014-07-17,580.82,170.67734161668,352.454,66.4099,87.619189247272
2014-07-16,590.62,170.56207300838,355.9,67.66,89.209965386755
2014-07-15,593.06,167.13061520768,354.44,67.165,89.718230646397
2014-07-14,594.26,168.34536900276,355.32,67.9,90.781822763795
2014-07-11,586.65,166.69614122258,346.2,66.34,89.624107450167
2014-07-10,580.04,166.43013674191,327.92,64.8725,89.449979537141
2014-07-09,583.36,167.06854749553,329.97,64.97,89.784116883758
2014-07-08,578.4,166.00452957283,323.81,62.76,89.746467605266
2014-07-07,590.76,166.73160848667,333.55,65.29,90.328148957967
2014-07-03,593.08,167.16608247177,337.492,66.29,88.50404141503
2014-07-02,590.78,167.04194704746,332.85,66.45,87.986363835765
2014-07-01,591.49,165.23311657887,332.39,68.06,88.024013114257
2014-06-30,584.67,160.72877403946,324.78,67.29,87.468686256501
2014-06-27,585.69,161.11891394444,324.57,67.6,86.574515892316
2014-06-26,584.77,159.93076059743,325.69,67.13,85.557985373032
2014-06-25,585.93,160.24109915822,327.44,67.44,85.049720113391
2014-06-24,572.54,160.38296821458,324.16,65.72,84.974421556407
2014-06-23,574.29,161.50018703341,327.24,65.37,85.492099135671
2014-06-20,566.52,160.97704488808,324.2,64.5,85.567397692655
2014-06-19,564.99,162.10313052294,327.0,64.3415,86.46156805684
2014-06-18,560.66,162.79474217269,334.38,65.6,86.762762284776
2014-06-17,550.615,161.60658882568,325.62,64.4,86.668639088546
2014-06-16,552.3,161.68639016988,327.62,64.19,86.781586924022
2014-06-13,560.35,161.87259330636,326.27,64.5,85.915653518706
2014-06-12,559.5,160.68443995934,325.91,64.2901,86.866297800629
2014-06-11,567.5,161.59772200966,335.2,65.781,88.344031981439
2014-06-10,568.3,163.40655247824,332.41,65.77,88.711112446736
2014-06-09,570.73,165.11784797058,327.5,62.88,88.193434867471
2014-06-06,566.03,165.25085021092,329.67,62.5,86.804445414535
2014-06-05,564.93,164.90504438604,323.57,63.186,87.043787256377
2014-06-04,553.76,163.60162243074,306.78,63.34,86.70359913286
2014-06-03,554.51,163.47748700642,307.19,62.87,85.724717892068
2014-06-02,564.34,164.64790672139,308.84,63.08,84.529353299948
2014-05-30,571.65,163.4686201904,312.55,63.3,85.114261733663
2014-05-29,570.56,162.93661122905,313.78,63.83,85.434280600844
2014-05-28,570.45,162.33366773952,310.16,63.51,83.905450970652
2014-05-27,574.87,163.84102646335,310.82,63.48,84.12327893907
2014-05-23,563.8,164.86957712195,312.24,61.351,82.576969286721
2014-05-22,555.45,164.63903990537,304.91,60.52,81.654561963667
2014-05-21,549.7,165.26858384296,305.01,60.49,81.525478723123
2014-05-20,540.39,163.93856143959,301.19,58.56,81.310339988883
2014-05-19,538.83,165.80945962034,296.755,59.21,81.294204583815
2014-05-16,528.3,165.86266051647,297.7,58.0199,80.342215684804
2014-05-15,529.12,165.33065155512,295.19,57.919,79.173743434463
2014-05-14,534.41,167.3345519762,297.62,59.23,79.852775064408
2014-05-13,541.54,170.411337136,304.64,59.83,79.837984276429
2014-05-12,538.43,170.74827614486,302.86,59.83,79.712934887152
2014-05-09,526.62,168.54043895526,292.24,57.24,78.733045183544
2014-05-08,520.17,167.50302148063,288.32,56.76,79.062140216076
2014-05-07,518.0,167.84882730551,292.71,57.39,79.202539430031
2014-05-06,522.57,167.52265048774,297.38,58.53,79.480663587197
2014-05-05,535.33,168.60696801707,310.05,61.22,80.356487255198
2014-05-02,533.87,168.76564863112,308.01,60.46,79.235967814305
2014-05-01,538.53,170.60810687203,307.89,61.15,79.088882923496
2014-04-30,534.88,173.19989023484,304.13,59.78,78.903021106928
2014-04-29,536.33,172.0009700398,300.38,58.15,79.202539430031
2014-04-28,522.98,170.26429887492,296.58,56.14,79.437875255325
2014-04-25,523.1,167.17002690096,303.83,57.71,76.476120408576
2014-04-24,534.44,167.69014669146,337.15,60.87,75.918534958872
2014-04-23,537.51,169.02130073154,324.58,61.36,70.16617859286
2014-04-22,545.5,169.39155549765,329.32,63.0301,71.095353962163
2014-04-21,539.37,169.49734257368,330.87,61.24,71.024619501037
2014-04-17,543.34,167.5050193084,324.91,58.94,70.191584164908
2014-04-16,563.9,173.13818110715,323.68,59.72,69.39866288991
2014-04-15,548.7,173.68474766665,316.08,59.09,69.258250304602
2014-04-14,545.2,174.34591689186,315.91,58.89,69.755678033965
2014-04-11,537.76,172.07149475715,311.73,58.53,69.478891012169
2014-04-10,546.69,172.50345865095,317.11,59.16,69.996362400744
2014-04-09,567.04,173.34975525921,331.805,62.41,70.910962994503
2014-04-08,557.51,170.39653271996,327.07,58.1901,69.99101385926
2014-04-07,540.63,171.4808502493,317.76,56.95,69.995025265373
2014-04-04,545.25,169.05656309021,323.0,56.749,71.111533300152
2014-04-03,571.5,169.8675973398,333.62,59.49,72.043516653734
2014-04-02,569.307397396872,170.62573805137,341.96,62.72,72.546279553227
2014-04-01,569.2020722682902,171.46321906996,342.99,62.62,72.425937369838
2014-03-31,558.98051931353,169.69128554641,336.365,60.24,71.76940390268
2014-03-28,561.8092513383017,167.89290525385,338.29,60.01,71.785449527132
2014-03-27,558.8651632203212,167.34633869435,338.47,60.97,71.865677649392
2014-03-26,567.73755143277,169.80588821211,343.41,60.385,72.175893055462
2014-03-25,581.1539666211819,171.93926091211,354.71,64.89,72.87254058375
2014-03-24,580.7577435184213,165.95347552658,351.85,64.1,72.097002068574
2014-03-21,593.3516196074315,164.56061235882,360.62,67.24,71.251932514106
2014-03-20,600.4334806339876,165.64492988815,368.97,66.97,70.694347064402
2014-03-19,601.4817164374934,162.83275678361,373.23,68.24,71.036653719376
2014-03-18,607.5053106959168,164.68403061419,378.77,69.19,71.05537361457
2014-03-17,597.8956465833945,163.80247164725,375.04,68.7399,70.432268531687
2014-03-14,588.2157657184842,160.62885936626,373.74,67.72,70.158155780634
2014-03-13,596.3709399601133,162.11869402039,371.51,68.83,70.955088461746
2014-03-12,605.5191796998006,164.16391082369,370.64,70.8799,71.752021142857
2014-03-11,601.8528621286869,164.63995266584,368.82,70.1,71.682490103566
2014-03-10,607.660790647633,164.31377584807,370.53,72.03,70.991191116762
2014-03-07,609.2757759525558,165.45098691543,372.06,69.8,70.927008618955
2014-03-06,611.6932384276267,165.41572455675,372.16,70.84,70.968459815455
2014-03-05,611.0161483153144,164.97494507328,372.37,71.57,71.183738610185
2014-03-04,609.3359617403171,164.35785379642,363.9,68.8,71.033979448634
2014-03-03,603.2070423533116,162.43605524849,359.78,67.41,70.568656339529
2014-02-28,609.7071074315105,163.23827390841,362.1,68.46,70.365411763138
2014-02-27,611.4926191350897,163.3264298051,360.13,68.94,70.55662212119
2014-02-26,611.9741054371785,162.2597434551,359.8,69.26,69.176698418325
2014-02-25,611.8888422378503,161.52804951254,358.32,69.85,69.806489178062
2014-02-24,608.132245985095,161.72199248527,351.78,70.78,70.540576496738
2014-02-21,603.7587454077884,161.14016356709,346.76,68.59,70.233035361409
2014-02-20,603.9192408418179,162.43605524849,349.8,69.63,71.021945230295
2014-02-19,603.0315004723417,161.2812130018,347.38,68.06,71.853643431053
2014-02-18,607.3147223680068,161.49278715386,353.65,67.3,73.006254120849
2014-02-14,603.2622126587593,161.93356663733,357.35,67.09,72.73882704665
2014-02-13,601.807722787866,160.30268254849,357.2,67.33,72.797661002974
2014-02-12,595.1822706518317,158.89218820139,349.25,64.45,71.659758802259
2014-02-11,596.932673979217,158.41614635924,361.79,64.851,71.665107343743
2014-02-10,588.2809669885588,156.15935540387,360.87,63.548,70.733123990161
2014-02-07,590.5429495119135,156.25632689024,361.08,64.32,69.488250959766
2014-02-06,581.7758864280466,153.98190475553,354.59,62.16,68.529524898764
2014-02-05,573.3699380707463,152.77193420227,346.45,62.19,68.134745069163
2014-02-04,570.8421349847802,151.5444278439,347.95,62.75,67.629639563275
2014-02-03,568.46981185053,151.59703525926,346.15,61.48,66.664622202027
2014-01-31,592.3134147685525,154.91130242687,358.69,62.57,66.541004275586
2014-01-30,569.4528463839614,155.50751980094,403.01,61.08,66.432273669319
2014-01-29,555.1737682376404,154.66580115519,384.2,53.53,66.560942650819
2014-01-28,563.2436792799413,155.06035677039,394.43,55.14,67.325247034727
2014-01-27,552.3199588013016,155.98098653917,386.28,53.55,73.173837102897
2014-01-24,563.6549488296421,157.50660158458,387.6,54.45,72.584990421034
2014-01-23,581.8461031804345,160.21588347556,399.87,56.63,73.928836911697
2014-01-22,584.3137204786397,159.79502415269,404.54,57.51,73.308088829462
2014-01-21,583.6516768132676,165.21358793466,407.05,58.51,72.983757925682
2014-01-17,577.0462866064868,166.66905975959,399.61,56.3,71.867208912667
2014-01-16,579.9000960428257,165.50292871913,395.8,57.19,73.672296483707
2014-01-15,576.0883294846226,164.60860265803,395.87,57.6,74.085685463525
2014-01-14,576.4795371050699,163.01284439214,397.54,57.74,72.627525621529
2014-01-13,563.2286328330009,161.46969354161,390.98,55.91,71.210571755014
2014-01-10,566.839780098667,164.18774333516,397.66,57.94,70.839717975691
2014-01-09,566.8698729925475,164.29295816587,401.01,57.22,71.315447608736
2014-01-08,572.3818880550016,164.8102644169,401.92,58.23,72.23806269199
2014-01-07,571.1932187467198,166.33587946231,398.03,57.92,71.783135430437
2014-01-06,560.3898698436024,163.08298761262,393.63,57.2,72.300536267718
2014-01-03,554.2107956334628,163.64413337645,396.44,54.557,71.908414888148
2014-01-02,558.2833672719638,162.67089619231,397.97,54.71,73.523423281972
2013-12-31,562.0901183478535,164.45954831451,398.79,54.649,74.572181819196
2013-12-30,556.4477007452504,163.44247161757,393.37,53.71,73.708185559125
2013-12-27,560.9315419334523,162.27634057712,398.08,55.44,74.448563892755
2013-12-26,560.4600865959903,162.51307394623,404.39,57.73,74.954998623658
2013-12-24,557.6413855358454,160.64551070099,399.2,57.96,75.456116454499
2013-12-23,559.276432770022,159.77748834757,402.92,57.77,75.777788908248
2013-12-20,552.0140143801826,157.83978188185,402.2,55.12,72.977111800604
2013-12-19,544.7917198488507,158.01513993304,395.19,55.05,72.370985193539
2013-12-18,544.0544439487771,156.68241874395,395.96,55.57,73.209726178315
2013-12-17,536.5863907840873,154.10465539137,387.65,54.86,73.770659134854
2013-12-16,538.151221265876,155.93714702637,388.97,53.81,74.104294613742
2013-12-13,532.0373483258109,151.50935623366,384.24,53.32,73.696222533986
2013-12-12,536.6365456072216,152.00912667957,381.25,51.83,74.508379018452
2013-12-11,540.3128941429621,153.61365284802,382.19,49.38,74.617375469723
2013-12-10,544.0093046079563,155.2970901395,387.78,50.245,75.174320751214
2013-12-09,540.7392101396033,155.59519882653,384.89,48.84,75.291292552578
2013-12-06,536.5914062664007,155.77932478029,386.95,47.94,74.439259317647
2013-12-05,530.3070069276791,154.38522827328,384.49,48.34,75.486821552357
2013-12-04,530.728307442007,154.08711958625,385.96,48.62,75.101213375362
2013-12-03,528.2606901438019,154.38522827328,384.66,46.73,75.27693692241
2013-12-02,528.8725789860397,155.61273463165,392.3,47.06,73.270870529028
2013-11-29,531.4354904481999,157.54167319481,393.62,47.01,73.914215436527
2013-11-27,533.2009402225254,156.91915211307,386.71,46.49,72.570368945863
2013-11-26,530.8436635352158,155.46368028814,381.37,45.89,70.900862326404
2013-11-25,524.5843416080613,156.89284840539,376.64,44.82,69.616830961438
2013-11-22,517.5426044400126,158.96207340951,372.31,46.23,69.093116305333
2013-11-21,518.6359795843392,161.44338983393,368.92,46.7,69.270700767403
2013-11-20,512.7377723837515,162.37278750527,362.57,46.43,68.455088297897
2013-11-19,514.1872467723313,162.42539492063,364.94,46.36,69.059885679946
2013-11-18,517.3720780413561,161.74149852097,366.18,45.83,68.937464056019
2013-11-15,518.3801899863546,160.61920699331,369.17,49.01,69.783117010876
2013-11-14,519.2177755326966,159.75995254245,367.396,48.99,70.204348418285
2013-11-13,517.8335024141912,160.93485148546,356.22,48.71,69.203973671625
2013-11-12,507.4564695077149,160.51399216259,349.53,46.605,69.121030030659
2013-11-11,506.85962711241734,160.34740201396,354.378,46.2,68.993158584168
2013-11-08,509.5880494909205,157.81347817417,350.31,47.53,69.194137406511
2013-11-07,505.53553978167315,157.82224607673,343.56,47.56,68.121718664011
2013-11-06,512.9584536055421,157.11204596938,356.18,49.12,69.241989507068
2013-11-05,512.3415492809909,155.11478503195,358.892,50.105,69.437437533637
2013-11-04,514.6436556628529,157.22542759465,358.74,48.22,69.609363079658
2013-11-01,515.1100955180015,156.3183745925,359.002,49.75,68.721323364622
2013-10-31,516.8855762569539,156.30093126553,364.03,50.205,69.074424870362
2013-10-30,516.8053285399392,157.12076763287,361.08,49.01,69.36435926542
2013-10-29,519.7243392463524,158.83893533887,362.7,49.395,68.278360697241
2013-10-28,509.07145481263774,154.67870185783,358.16,50.229,70.02246012567
2013-10-25,509.1717644589063,154.24261868372,363.39,51.95,69.5047012561
2013-10-24,514.3627886533011,155.07117671454,332.21,52.445,70.291250717989
2013-10-23,517.3018612889682,153.30067902764,326.756,51.9,69.372816786516
2013-10-22,505.05906896189776,152.60294594906,332.54,52.675,68.699849189965
2013-10-21,503.2033405059305,150.7626749543,326.44,53.85,68.897345522423
2013-10-18,507.27089666211816,151.56506799467,328.931,54.22,67.249186098922
2013-10-17,445.7730587278262,152.4808426603,310.77,52.21,66.669053011272
2013-10-16,450.40485664427416,162.85962220419,310.49,51.135,66.221597285809
2013-10-15,442.3705555263987,161.05423786336,306.4,49.5,65.899947186642
2013-10-14,439.4114209614779,163.06894212777,310.7,49.51,65.551074441449
2013-10-11,437.34504224834683,162.3624873857,310.889,49.11,65.124498221191
2013-10-10,435.46423638081245,161.15017616167,305.174,49.05,64.705058034357
2013-10-09,429.25506927679226,158.14120226029,298.23,46.77,64.302004294646
2013-10-08,428.1566786501522,155.8735697549,303.23,47.14,63.55562805796
2013-10-07,434.2103658024562,158.74299704057,310.03,50.515,64.455561162037
2013-10-04,437.5255996116301,160.56582470836,319.04,51.04,63.831818981238
2013-10-03,439.4013899968511,160.35650478478,314.76,49.183,63.882035512743
2013-10-02,445.36981394982683,161.31588776783,320.51,50.28,64.694750430522
2013-10-01,444.8752873937231,162.55436398231,320.95,50.42,64.483312403132
2013-09-30,439.3111113152094,161.50776436444,312.64,50.23,63.001924723734
2013-09-27,439.5518544662538,163.02533381035,316.01,51.24,63.794817326445
2013-09-26,440.44461031804343,165.9034827595,318.12,50.39,64.253373548346
2013-09-25,439.9731549805815,165.24935799833,312.65,49.46,63.63359583056
2013-09-24,444.79303348378295,165.68544117244,314.13,48.45,64.633961997647
2013-09-23,444.6225070851265,166.57505084763,311.49,47.19,64.83747109901
2013-09-20,452.95322320772544,165.72904948985,316.34,47.49,61.767655238847
2013-09-19,450.5859155557888,168.66825008337,312.06,45.98,62.413862710057
2013-09-18,453.05854833630735,169.56658142205,312.034,45.23,61.406889104614
2013-09-17,444.42690327490294,167.59548547506,304.17,45.07,60.169976644385
2013-09-16,445.25445785661805,168.4589301598,296.06,42.51,59.482803055369
2013-09-13,445.910482943214,167.60420713854,297.92,44.31,61.43596183338
2013-09-12,447.9146696756586,166.34828759709,298.86,44.75,62.465400729233
2013-09-11,449.4825094468353,166.32212260665,299.64,45.04,61.807299868983
2013-09-10,445.7108667471397,162.74624057892,300.36,43.6,65.366066167484
2013-09-09,445.4019130366327,161.3333310948,299.71,44.04,66.88974145236
2013-09-06,441.1517933242364,159.63260671576,295.86,43.95,65.839158753768
2013-09-05,441.1417623596095,160.60943302577,294.1,42.66,65.449319890768
2013-09-04,437.1664910779889,159.71982335058,293.64,41.78,65.90140082308
2013-09-03,431.5220672824604,160.44372141961,288.8,41.87,64.565244638746
2013-08-30,424.7611971239635,158.9697602911,280.98,41.294,64.384993720396
2013-08-29,429.03940353731497,159.29246183995,283.98,41.28,64.977548792155
2013-08-28,425.5887517056786,158.8738219928,281.58,40.548,64.871301183392
2013-08-27,426.3912288758266,159.37967847477,280.93,39.64,64.566566126417
2013-08-26,434.5363721528288,161.12401117122,286.21,41.34,66.46686539758
2013-08-23,436.45228639655716,161.71708428802,290.01,40.55,66.209175301699
2013-08-22,438.2077052062559,161.51648602792,289.73,38.55,66.465543909909
2013-08-21,436.01092395297576,161.22867113301,284.57,38.32,66.386254649638
2013-08-20,434.0498703684266,160.96702122854,287.09,38.41,66.215782740055
2013-08-19,434.1652264616353,160.67920633363,285.57,37.81,67.097215016736
2013-08-16,429.78069182323924,161.64731098016,284.82,37.08,66.382290186625
2013-08-15,431.16095255589374,162.03978583686,286.47,36.56,65.798192635961
2013-08-14,436.2516671040201,163.55735528277,291.34,36.65,65.876160408561
2013-08-13,441.9893788705784,164.33358333269,293.97,37.019,64.696071918193
2013-08-12,444.1259743360974,164.917934786,296.69,38.22,61.761047800491
2013-08-09,446.58356066967565,163.81028352376,297.26,38.5,60.055007216992
2013-08-08,447.71204419019625,163.90622182206,295.74,38.54,60.921903129289
2013-08-07,446.70393224519785,164.45568662144,296.91,38.87,61.042680940087
2013-08-06,449.6730977747455,165.7400220982,300.75,38.55,61.078126601952
2013-08-05,453.90114936496275,169.65377412534,300.99,39.189,61.629503564291
2013-08-02,454.6885800881705,169.35872408338,304.21,38.05,60.722357181014
2013-08-01,453.5099417445156,169.92279034006,305.57,37.489,59.952529917406
2013-07-31,445.24944237430464,169.25458877445,301.22,36.8,59.40824208744
2013-07-30,446.83935026766034,170.09634918827,302.41,37.627,59.511953468451
2013-07-29,442.5009580665477,170.26990803648,306.1,35.43,58.785973801371
2013-07-26,444.04572661908264,171.25919347128,312.01,34.01,57.893268243299
2013-07-25,445.2243649627375,171.14638021994,303.4,34.359,57.566380472769
2013-07-24,452.8478980791435,170.6170257329,298.94,26.51,57.830253733317
2013-07-23,453.2992914873517,169.20252111999,301.06,26.13,55.005103202476
2013-07-22,456.759974283615,168.43018424545,303.48,26.045,55.966074479695
2013-07-19,449.68714112522304,167.95289741288,305.23,25.881,55.78753336808
2013-07-18,456.74994331898813,171.81458178555,304.11,26.18,56.681289167986
2013-07-17,460.6971278996536,168.82936959634,308.69,26.65,56.491195396208
2013-07-16,461.22776592841393,168.2219136276,306.87,26.32,56.476098169859
2013-07-15,463.7766340400966,168.35208276376,306.57,26.28,56.11442113861
2013-07-12,462.92901752912775,166.67723987853,307.55,25.91,55.992330525521
2013-07-11,461.54474441062246,167.3107296745,299.66,25.81,56.094466543782
2013-07-10,454.39768211399183,166.83344284192,292.33,25.8,55.233530801159
2013-07-09,454.02152094048495,166.00903831292,291.53,25.48,55.446204772347
2013-07-08,453.94628870578356,169.20252111999,290.59,24.71,54.48785909971
2013-07-05,448.12832922221054,169.15913140794,285.88,24.37,54.798993242744
2013-07-03,444.5873987089325,167.70123708297,284.03,24.52,55.242720417198
2013-07-02,442.5210199958014,166.18259716113,283.73,24.41,54.939463087912
2013-07-01,445.31464364437915,165.9916824281,282.1,24.81,53.722495363892
2013-06-28,441.548016426997,165.84415740712,277.69,24.88,52.056549256254
2013-06-27,439.8929072635667,169.78394326149,277.55,24.66,51.695528626151
2013-06-26,438.17761231237535,169.09838581106,277.57,24.16,52.258720809111
2013-06-25,434.44107798887376,169.20252111999,272.088,24.25,52.857358653936
2013-06-24,436.2416361393933,167.95289741288,270.61,23.935,52.845543433315
2013-06-21,441.8288834365487,169.61906235569,273.36,24.53,54.284374744561
2013-06-20,443.7397821979637,171.25919347128,273.44,23.9,54.722588149392
2013-06-19,451.7344610055631,175.2423690377,278.16,24.309,55.53153692128
2013-06-18,451.7043681116826,177.78500616398,281.76,24.21,56.682864530736
2013-06-17,444.49712002729086,176.19694270285,278.06,24.022,56.713058983435
2013-06-14,438.87476435394143,175.46799554037,273.99,23.63,56.457062536635
2013-06-13,439.8577988873727,176.83043249882,275.79,23.73,57.233585091929
2013-06-12,437.34002676603336,174.60020129932,271.67,23.77,56.73800222697
2013-06-11,441.2671494174451,177.01266928944,274.78,24.03,57.448228266554
2013-06-10,446.4882665057206,177.91517530013,281.07,24.33,57.617579762129
2013-06-07,441.2270255589378,179.06934164073,276.87,23.291,58.001049311413
2013-06-06,433.6586627479794,176.85646632605,267.83,22.97,57.561129263604
2013-06-05,431.1810144851475,175.93660443054,267.17,22.899,58.434142787307
2013-06-04,430.880085546342,178.93049456216,265.7,23.52,58.985519749646
2013-06-03,435.1582919596935,181.32560666746,266.88,23.848,59.170624872717
2013-05-31,436.9578470137504,180.51855802329,269.2,24.348,59.041313847026
2013-05-30,436.72813792379554,181.68140230629,266.83,24.55,59.283525869768
2013-05-29,435.4993447570064,180.43177859918,265.53,23.32,58.413137950647
2013-05-28,441.9994098352052,180.31028740543,267.29,24.1,57.952213066177
2013-05-24,438.01210139603234,178.52263126887,261.74,24.3125,58.439393996473
2013-05-23,442.7617631468458,178.90446073493,261.8,25.06,58.044240506796
2013-05-22,446.08702792064656,179.624729955,262.96,25.159,57.941054246701
2013-05-21,454.88919938070745,181.06526839515,268.86,25.66,57.718665538558
2013-05-20,455.67161462160175,180.15408444204,267.63,25.759,58.147951887808
2013-05-17,455.99762097197436,180.88303160453,269.9,26.25,56.878472072137
2013-05-16,453.33439986354574,177.62880320059,264.12,26.13,57.051499414128
2013-05-15,459.3630096042826,176.43992509035,266.56,26.6,56.299526261681
2013-05-14,444.92343602393197,176.34446772383,268.33,27.07,58.270042500897
2013-05-13,440.12361944998423,175.70229998546,264.51,26.82,59.698371393813
2013-05-10,441.477799674609,177.43788846756,263.63,26.68,59.466005388256
2013-05-09,437.08925265036214,176.37050155106,260.16,27.04,59.964870258944
2013-05-08,438.1675813477485,177.74161645192,258.68,27.12,60.489116221366
2013-05-07,429.9421903537315,175.89311055113,257.73,26.889,59.813334485726
2013-05-06,432.1088787131311,175.15889091763,255.72,27.57,60.08093466356
2013-05-03,424.1693702109793,176.65324381874,258.05,28.311,58.681641336
2013-05-02,416.08942820405167,174.82201367403,252.55,28.97,58.100015218487
2013-05-01,411.48521544032747,172.43795933468,248.23,27.43,57.287564386176
2013-04-30,413.5616251180855,174.95158184465,253.81,27.769,57.742693343602
2013-04-29,410.79809436338826,172.02334118871,249.74,26.98,56.091709790302
2013-04-26,401.95078356250656,167.84260821681,254.81,26.85,54.407471828939
2013-04-25,405.802673979217,167.53164460733,274.7,26.14,53.256608491034
2013-04-24,407.9864149784822,165.59675992612,268.78,26.11,52.876073735226
2013-04-23,405.20081610160594,165.51038114571,268.9,25.98,52.96318724341
2013-04-22,401.2957615723733,162.24526324617,263.55,25.97,51.990332795731
2013-04-19,401.1733838039257,164.11968278109,260.32,25.73,50.928799926548
2013-04-18,384.14281206045973,178.9336436216,259.42,25.69,51.127022280499
2013-04-17,392.491583919387,181.11038888796,267.4,26.625,52.528923796926
2013-04-16,397.9133203001994,183.12301447154,272.34,26.92,55.585721149955
2013-04-15,392.1756085336412,180.75623588827,267.72,26.52,54.752404806702
2013-04-12,396.2481801721423,182.58746603299,272.87,27.4,56.049978768418
2013-04-11,396.41870657079875,183.91769925132,269.85,28.0175,56.640733546968
2013-04-10,396.31338144221684,183.12301447154,264.77,27.57,56.818090389977
2013-04-09,390.0289821034953,180.72168437611,261.14,26.59,55.682224138062
2013-04-08,388.6246470557363,180.80806315652,258.95,26.849,55.581808866653
2013-04-05,392.7373425527448,180.88580405889,255.48,27.39,55.189276442053
2013-04-04,398.7659522934817,182.5270008867,259.08,27.0725,55.77872712617
2013-04-03,404.3491872047864,183.69311442225,259.03,26.25,56.335575449439
2013-04-02,407.7787740107064,185.16155368924,263.322,25.42,56.048935492871
2013-04-01,401.8354274692978,183.4512538371,261.61,25.53,55.933914363802
2013-03-28,398.3235867534376,184.24593861688,266.49,25.58,57.727044210395
2013-03-27,402.57270336937125,182.16421000897,265.3,26.09,58.955501167116
2013-03-26,407.467814107274,183.43397808102,260.31,25.205,60.136489086443
2013-03-25,406.0735100241419,182.03464183836,256.02,25.131,60.455209766085
2013-03-22,406.40954733914134,183.19211749586,257.75,25.73,60.237425995626
2013-03-21,406.8860181589168,183.3475993006,253.39,25.74,59.040267305319
2013-03-20,408.6153564605857,185.76620515212,257.278,25.86,58.955501167116
2013-03-19,406.91611105279736,184.36686890946,256.41,26.55,59.269787925682
2013-03-18,405.14564579615825,184.16819771451,257.89,26.49,59.43019154105
2013-03-15,408.41172787866066,185.64527485954,261.82,26.645,57.857453653784
2013-03-14,412.04193397711765,186.40540812716,265.74,27.04,56.402084265567
2013-03-13,413.93277080927885,183.17484173978,275.1,27.08,55.860885075505
2013-03-12,415.0863317413666,181.87052215558,274.13,27.83,55.871317830976
2013-03-11,418.70249448934607,181.46454188764,271.24,28.14,57.102382976564
2013-03-08,417.0473853259158,181.72367822888,274.19,27.96,56.300364899724
2013-03-07,417.58705122284033,180.89444193693,273.88,28.578,56.151958953148
2013-03-06,416.9771685735279,179.99610262065,273.79,27.4525,55.510344491676
2013-03-05,420.6003529967461,178.39809518305,275.59,27.52,56.225249060332
2013-03-04,412.0238782407894,177.24061952554,273.11,27.72,54.778486695379
2013-03-01,404.3431686260103,175.27118333217,265.74,27.78,56.137353095488
2013-02-28,401.84044295161124,173.47450469962,264.27,27.25,57.562728311726
2013-02-27,401.12824446310486,174.77018640578,263.25,26.87,57.976126247268
2013-02-26,396.2883040306497,172.01470331067,259.36,27.39,58.549927798177
2013-02-25,396.6092948987089,170.60672918997,259.87,27.27,57.74530153247
2013-02-22,401.0931360869109,173.69908952868,265.42,27.13,58.789881174012
2013-02-21,398.9966644798992,171.31503518934,265.94,27.283,58.170436317917
2013-02-20,397.4569114096778,172.16154723737,266.41,28.462,58.534278664971
2013-02-19,404.67419045869633,173.03397291952,269.75,28.93,59.98703986432
2013-02-15,397.672577149155,173.60407287023,265.09,28.32,60.009209469696
2013-02-14,395.1297276162486,172.45523509076,269.24,28.5,60.847742190684
2013-02-13,392.64204838878976,172.83530172457,269.47,27.9075,60.902514156908
2013-02-12,391.55870420908997,172.79211233437,258.7,27.37,61.018578561524
2013-02-11,392.42136716699906,172.89576687086,257.21,28.26,62.587404165488
2013-02-08,393.90093444945944,174.20872433311,261.95,28.545,61.941877420715
2013-02-07,388.1732536475281,172.53297599313,260.23,28.65,61.060309583408
2013-02-06,386.27740133305343,173.6386243824,262.22,29.05,59.307096625335
2013-02-05,384.05554266820616,174.42996303812,266.89,28.64,59.371156329572
2013-02-04,380.6851385535845,175.29011375087,259.98,28.109,57.357554938082
2013-02-01,389.0008082292432,176.48572324159,265.0,29.73,58.823406955689
2013-01-31,379.014982943214,174.67080523769,265.5,30.981,59.065900168086
2013-01-30,378.082103232917,175.05787305843,272.764,31.24,59.239665357717
2013-01-29,378.00687099821556,175.38473032928,260.35,30.79,59.426398098814
2013-01-28,376.52730371575524,176.27068556341,276.04,32.469,58.331936755165
2013-01-25,378.00185551590215,176.30509159192,283.99,31.54,57.041665384394
2013-01-24,378.082103232917,175.8320086999,273.62,31.08,58.41881934998
2013-01-23,371.8980135404639,176.09005391373,268.11,30.82,66.65386290785
2013-01-22,352.52320536370314,168.65835175559,270.19,30.729,65.456309530055
2013-01-18,353.34574446310484,167.27350910806,272.12,29.66,64.837757325172
2013-01-17,356.76128791854734,166.56818552361,270.48,30.14,65.185287704435
2013-01-16,358.7022795738428,165.6564257681,268.93,29.85,65.627481209393
2013-01-15,363.5873593471187,165.57901220395,271.9,30.1,63.011926078896
2013-01-14,362.7447583184633,165.68223028948,272.73,30.9475,65.064689475811
2013-01-11,371.1406757111368,167.25630609381,267.94,31.72,67.470170272574
2013-01-10,371.8879825758371,165.90586947479,265.34,31.3,67.886428674602
2013-01-09,370.2017774220636,165.42418507566,266.35,30.59,67.055208625693
2013-01-08,367.7853180434554,165.89726796767,266.38,29.0607,68.119844600973
2013-01-07,368.51256297890205,166.12950866011,268.4592,29.4213,67.937002125316
2013-01-04,370.1275482838249,166.86063676594,259.15,28.76,68.338996220732
2013-01-03,362.95540857562713,167.96162967826,258.48,27.77,70.296564822342
2013-01-02,362.7447583184633,168.89059244803,257.31,28.0,71.195747808479
2012-12-31,354.7851878870578,164.76186902684,250.87,26.6197,69.009794690466
2012-12-28,351.08877742206363,163.28240980091,245.18,25.9112,66.081241770258
2012-12-27,354.2385003148945,165.75964385363,248.31,26.05,66.790670575807
2012-12-26,355.5324947517582,165.10592931194,248.6314,26.51,66.52347417787
2012-12-24,355.8484701375039,165.49299713268,258.62,26.93,67.453053104641
2012-12-21,358.92296079563346,166.37035085968,256.92,26.26,67.344385023364
2012-12-20,362.2983803925685,167.53155432189,261.5,27.36,67.655632193627
2012-12-19,361.16989687204784,167.79820104284,257.99,27.41,68.249520115623
2012-12-18,361.6513831741367,168.32289297762,260.4,27.71,69.233757271819
2012-12-17,361.50593418704733,166.54238100223,253.86,26.75,67.279547266038
2012-12-14,352.0684014275218,164.94250067652,249.19,26.812,66.107799315658
2012-12-13,352.43794216437493,165.14033534045,251.25,28.24,68.687823355141
2012-12-12,349.85998425527447,165.96608002469,251.76,27.5801,69.895102396536
2012-12-11,349.51893145796157,167.04126841562,250.69,27.98,70.204767525521
2012-12-10,343.77118872677653,165.68223028948,247.77,27.84,68.704797880009
2012-12-07,343.1643153668521,165.10592931194,253.2681,27.485,69.149468187296
2012-12-06,346.6350291277422,163.17059020826,253.37,26.97,70.964212177071
2012-12-05,344.9749044819986,162.26743195987,253.96,27.71,69.868168792143
2012-12-04,346.5848743046079,162.87813896592,252.4881,27.46,74.673048604034
2012-12-03,348.7014078408733,162.98135705145,250.3291,27.04,76.014489932886
2012-11-30,350.26623832266193,163.48884597197,252.05,28.0,75.896485214554
2012-11-29,347.0162057835625,164.74466601258,251.27,27.32,76.425561314327
2012-11-28,342.89347932192715,165.13173383332,247.11,26.36,75.593044510272
2012-11-27,336.3934142437284,164.48662079876,243.4017,26.15,75.831647457229
2012-11-26,331.59861315209406,165.90586947479,243.62,25.94,76.447606151818
2012-11-23,335.0191720898499,166.43056140957,239.88,23.998,74.109556622672
2012-11-21,333.96592080403065,163.67807912878,238.03,24.32,72.838736579099
2012-11-20,336.0222685525349,162.74051485188,233.78,23.1,72.736733819275
2012-11-19,335.1395436653721,163.72968817154,229.71,22.92,73.36132890314
2012-11-16,324.5919843602393,160.79657424107,225.23,23.5607,68.426916219665
2012-11-15,324.63210821874674,159.85900996418,220.599,22.17,68.160044010514
2012-11-14,327.28529836254853,159.56655872184,222.95,22.36,69.620190305477
2012-11-13,330.54696682061507,161.98358222466,226.6,19.86,70.400577552643
2012-11-12,333.98096725097093,162.78352238752,226.47,20.07,70.391759617647
2012-11-09,332.54152382701795,163.11898116549,226.31,19.21,70.940287044618
2012-11-08,327.15489582239945,163.51465049336,227.35,19.99,69.733008003223
2012-11-07,334.59285609320875,164.42641024887,232.0608,20.47,72.35918355837
2012-11-06,341.9154602708093,167.04681968255,237.56,21.1712,75.22406319751
2012-11-05,342.537380077674,166.25042073702,234.33,21.25,75.452710473284
2012-11-02,345.0240562086701,165.64241724097,232.4224,21.18,74.443299088914
2012-11-01,344.8595483887898,168.82801302309,232.14,21.21,76.99098161264
2012-10-31,341.2020580665477,166.58439448837,232.8931,21.11,76.83353816507
2012-10-26,338.620288390889,165.50540236862,238.24,21.9425,77.953801403787
2012-10-25,339.929329274693,164.07530963847,222.92,22.56,78.668550000101
2012-10-24,339.6997204943844,163.32172784055,228.49,23.2299,79.609674370692
2012-10-23,341.22833919387006,163.77558960521,234.31,19.5,79.161233512484
2012-10-22,340.3857381652146,166.47306990459,233.78,19.321,81.829550834508
2012-10-19,341.95056864700325,165.58247323432,240.0,19.0,78.707526900803
2012-10-18,348.5760207830377,166.95262195781,244.85,18.975,81.650153841211
2012-10-17,378.9146732969455,171.8080864967,247.49,19.88,83.195497610232
2012-10-16,373.50296788075997,180.68836291084,243.94,19.48,83.863899832235
2012-10-15,371.6372084601659,178.91573299982,244.18,19.52,81.923766521635
2012-10-12,373.5280452923271,177.94806546386,242.36,19.5181,81.272516717192
2012-10-11,376.9034648892621,176.2011258414,244.22,19.75,81.064209704832
2012-10-10,373.432751128372,176.25250641853,244.99,19.64,82.717501420035
2012-10-09,373.19702345964106,178.11077062477,250.96,20.227,82.0644447394
2012-10-08,380.0933116406004,179.67787822727,259.06,20.4,82.363869936845
2012-10-05,385.01349979007034,180.33726230045,258.51,20.91,84.224952414068
2012-10-04,385.2141190826073,180.16599371001,260.47,21.9475,86.058931748419
2012-10-03,382.43052639865647,180.26875486427,255.92,21.83,86.65907276916
2012-10-02,379.6669956439593,179.69500508631,250.6,22.27,85.350378156189
2012-10-01,382.0694116720898,180.23450114619,252.01,21.99,85.102577992786
2012-09-28,378.41814054791644,177.64834543059,254.32,21.66,86.098295836876
2012-09-27,379.42123701060143,176.32957728423,256.59,20.32,87.932920484152
2012-09-26,377.89653038732024,174.69396224556,249.67,20.62,85.849850360548
2012-09-25,375.7398729925475,175.5331783387,252.46,20.28,86.928813572031
2012-09-24,375.85021360344285,175.79864465387,254.805,20.79,89.155143165102
2012-09-21,368.13138632308176,176.38952129088,257.47,22.86,90.35607051951
2012-09-20,365.1855929411147,176.56078988132,260.81,22.59,90.176028213288
2012-09-19,364.87633830166897,176.77487561936,261.68,23.29,90.614841002647
2012-09-18,360.25206360869106,177.32293510876,258.75,21.87,90.590319111477
2012-09-17,356.08921328854836,177.39144254494,258.0,21.52,90.315544867787
2012-09-14,355.9387488191456,177.10028594119,261.27,22.0,89.218383831804
2012-09-13,354.11311325705884,176.71493161271,260.24,20.713,88.147164375427
2012-09-12,346.5096420699066,174.49700336655,255.63,20.931,86.444828877884
2012-09-11,347.1666702529653,174.06883189046,255.67,19.43,85.257453094913
2012-09-10,351.4699540778839,172.08211624139,257.09,18.81,85.53493765289
2012-09-07,354.16828356250653,170.84041896073,259.14,18.98,87.819345409259
2012-09-06,350.78283300094466,170.49788177985,251.38,18.96,87.281154429369
2012-09-05,341.41391203946677,167.02112939399,246.22,18.58,86.501616415331
2012-09-04,341.57440747349636,166.59295791789,247.88,17.729,87.113373068732
2012-08-31,343.6056778104335,166.85842423307,248.27,18.058,85.857594115654
2012-08-30,341.89539834155556,165.59103666384,246.22,19.0885,85.680520248889
2012-08-29,345.0701986459536,167.05538311207,247.12,19.1,86.919262940733
2012-08-28,339.6735396767083,166.87555109211,246.11,19.34,87.091432429264
2012-08-27,335.646107379028,167.57775231291,243.92,19.15,87.205007504157
2012-08-24,340.36567623596096,169.35894565345,245.74,19.409,85.597145818911
2012-08-23,339.4478429726042,167.58631574243,241.198,19.44,85.520740768528
2012-08-22,339.6384313005143,168.91364731831,243.1,19.439,86.326091299587
2012-08-21,335.79155636611733,170.11252745137,239.45,19.159,84.673057709555
2012-08-20,338.8158922011126,171.69676191291,240.35,20.011,85.845978482994
2012-08-17,339.6183693712606,172.31332883848,241.17,19.05,83.646752032795
2012-08-16,337.4767584234282,171.98791851665,241.55,19.87,82.127685406102
2012-08-15,334.80350635037263,169.89844171332,237.42,21.2,81.41655056217
2012-08-14,335.3652403694762,169.80424398858,233.19,20.38,81.527544385361
2012-08-13,331.0268481683636,170.42081091416,232.44,21.6,81.309428616532
2012-08-10,321.9939645218852,170.66058694077,232.75,21.807,80.238209160156
2012-08-09,322.16950640285506,169.91556857237,234.06,21.01,80.113018452603
2012-08-08,322.10932061509396,170.4379377732,234.38,20.72,79.660649392073
2012-08-07,321.2617041041251,170.48057283868,236.56,20.72,79.796103082357
2012-08-06,322.40523407158605,169.48291230639,233.99,21.92,80.006351884353
2012-08-03,321.6579272068857,169.27826399207,234.97,21.09,79.126031411447
2012-08-02,315.34845045659705,165.80776966179,230.81,20.04,78.109486164631
2012-08-01,317.31953500577305,166.43024161784,232.09,20.88,77.983542505734
2012-07-31,317.4649839928624,167.11240266556,233.3,21.71,78.491172559453
2012-07-30,317.12894667786287,167.70929358231,236.09,23.15,76.46964832021
2012-07-27,318.463064973234,167.46201020252,237.32,23.705,75.201215755599
2012-07-26,307.62962317623595,165.38141900697,220.01,26.845,73.880092476551
2012-07-25,304.93630917392676,162.93416624826,217.05,29.34,73.89165873094
2012-07-24,304.7256589167629,162.30316727912,223.04,28.45,77.226595412972
2012-07-23,308.70795187362233,162.72099092085,226.01,28.75,77.600570971535
2012-07-20,306.35569066862604,164.10236704249,228.29,28.76,77.660972522231
2012-07-19,297.4481940799832,166.56667382738,226.17,29.0,78.948682177489
2012-07-18,291.27915083447044,160.52102154195,217.47,29.11,77.912859840026
2012-07-17,289.25791146216017,156.59859551755,216.93,28.09,78.000249317628
2012-07-16,288.3501091634302,157.57067501055,216.01,28.245,77.996393899499
2012-07-13,289.15258633357826,158.61097060833,218.39,30.72,77.747076860457
2012-07-12,286.1232350162696,156.12108278415,215.36,30.81,76.966997258918
2012-07-11,286.47933426052276,157.96291761299,218.37,30.97,77.677679334125
2012-07-10,291.7506061719324,158.82414593574,219.5,31.47,78.163462018444
2012-07-09,293.9122790490186,161.73185740166,225.05,32.17,78.8934211843
2012-07-06,293.8972326020783,163.21555768045,225.05,31.73,77.864024543719
2012-07-05,298.88262202162275,166.5240387619,227.06,31.47,78.38579113058
2012-07-03,294.82509683006197,167.06976760008,229.53,31.2,77.03253936712
2012-07-02,291.13370184738113,166.98449746911,229.32,30.771,76.147078336707
2012-06-29,290.93308255484413,166.7713221417,228.35,31.095,75.052139587925
2012-06-28,283.02868242888627,163.20703066735,221.31,31.36,73.130856220049
2012-06-27,285.5314081032854,164.5713527628,225.62,32.23,73.831257180244
2012-06-26,283.21425527448304,163.67601638766,225.61,33.1,73.513185184559
2012-06-25,281.2180933137399,164.45197457944,220.07,32.06,73.351257623119
2012-06-22,286.6247832476121,165.16824367955,222.16,33.05,74.807963106388
2012-06-21,283.4800758370946,164.90390627356,220.575,31.84,74.238646362597
2012-06-20,289.64911908260734,169.49996633258,223.02,31.6,75.275882353374
2012-06-19,291.66534297260415,169.62787152903,224.03,31.911,75.490372115313
2012-06-18,286.3088078618663,169.08214269085,222.66,31.41,75.280894396943
2012-06-15,283.1289920751548,169.77283075167,218.35,30.014,73.783707023314
2012-06-14,280.39053873202477,166.36202551306,214.45,28.29,73.449570785422
2012-06-13,281.4136971239635,164.65662289376,214.73,27.27,73.530534566142
2012-06-12,283.4249055316469,165.89303979276,216.42,27.4,74.044590316744
2012-06-11,285.1301695182114,164.15352912107,216.5,27.005,73.403305767868
2012-06-08,291.1236708827543,166.39613356545,218.48,27.1,74.57920829737
2012-06-07,290.01023380917394,165.79924264869,218.8,26.31,73.473988433576
2012-06-06,291.1838566705154,165.41552705935,217.64,26.81,73.440574809787
2012-06-05,286.0881266400756,161.33108778612,213.21,25.869,72.331499527862
2012-06-04,290.19079117245724,160.76830492175,214.57,26.9,72.519129876832
2012-06-01,286.3740091319408,161.22876362896,208.22,27.72,72.095033882585
2012-05-31,291.3293056576047,164.48608263183,212.91,29.6,74.246357198856
2012-05-30,295.02571612259896,165.87598576656,209.23,28.19,74.431417269072
2012-05-29,298.09017581610163,167.52169929419,214.75,28.84,73.544671099284
2012-05-25,296.6808252860292,165.67986446534,212.89,31.91,72.262102001531
2012-05-24,302.7646053322137,167.20619980962,215.24,33.03,72.651499232612
2012-05-23,305.67358507400024,167.23178084891,217.28,32.0,73.324912265901
2012-05-22,301.33017739057414,167.82867176567,215.33,31.0,71.57840785323
2012-05-21,308.00578434974284,168.63021099674,218.11,34.03,72.132302924504
2012-05-18,301.12955809803714,167.02713253459,213.85,38.2318,68.161222251102
